PLAYER,POS_LONG,POS,Team,G,AB,R,H,2B,3B,HR,RBI,BB,K,SB,CS,AVG,SLG,OBP,OPS
"Abreu, Bobby",OF,OF,LAD,100,219,29,53,11,1,3,24,37,56,6,2,0.242,0.342,0.35,0.693
"Abreu, Tony",2B,2B,KC,22,70,5,18,2,1,1,15,2,13,0,0,0.257,0.357,0.284,0.641
"Ackley, Dustin",2B,2B,SEA,153,607,84,137,22,2,12,50,59,124,13,3,0.226,0.328,0.294,0.622
"Adams, Matt",1B,1B,STL,27,86,8,21,6,0,2,13,5,24,0,0,0.244,0.384,0.286,0.669
"Allen, Brandon",OF/1B,OF,TB,10,20,3,2,0,0,1,3,2,9,0,0,0.1,0.25,0.182,0.432
"Alonso, Yonder",1B,1B,SD,155,549,47,150,39,0,9,62,62,101,3,0,0.273,0.393,0.348,0.741
"Altuve, Jose",2B,2B,HOU,147,576,80,167,34,4,7,37,40,74,33,11,0.29,0.399,0.34,0.74
"Alvarez, Pedro",3B,3B,PIT,149,525,64,128,25,1,30,85,57,180,1,0,0.244,0.467,0.317,0.784
"Amarista, Alexi",2B/OF,2B,SD,106,275,36,66,15,5,5,32,17,42,8,4,0.24,0.385,0.282,0.668
"Anderson, Bryan",C,C,STL,10,12,2,3,1,0,0,0,1,6,1,0,0.25,0.333,0.357,0.69
"Anderson, Lars",OF,OF,CLE,6,8,1,1,0,0,0,0,0,3,0,0,0.125,0.125,0.125,0.25
"Andino, Robert",2B,2B,BAL,127,384,41,81,13,1,7,28,37,100,5,5,0.211,0.305,0.283,0.588
"Andrus, Elvis",SS,SS,TEX,158,629,85,180,31,9,3,62,57,96,21,10,0.286,0.378,0.349,0.727
"Ankiel, Rick",OF,OF,FA,68,158,15,36,10,2,5,16,12,59,1,3,0.228,0.411,0.282,0.694
"Aoki, Norichika",OF,OF,MIL,151,520,81,150,37,4,10,50,43,55,30,8,0.288,0.433,0.355,0.787
"Arencibia, J.P.",C,C,TOR,102,347,45,81,16,0,18,56,18,108,1,0,0.233,0.435,0.275,0.71
"Arias, Joaquin",3B/SS,3B,SF,112,319,30,86,13,5,5,34,13,44,5,1,0.27,0.389,0.304,0.693
"Avery, Xavier",OF,OF,BAL,32,94,14,21,6,1,1,6,11,23,6,3,0.223,0.34,0.305,0.645
"Avila, Alex",C,C,DET,116,367,42,88,21,1,9,48,61,104,2,0,0.24,0.376,0.35,0.726
"Aviles, Mike",SS,SS,BOS,136,512,57,128,28,0,13,60,23,77,14,6,0.25,0.381,0.282,0.663
"Aybar, Erick",SS,SS,LAA,141,517,67,149,31,5,8,45,22,61,20,4,0.288,0.414,0.322,0.736
"Baker, Jeff",OF/1B,OF,ATL,83,188,18,45,12,1,4,25,11,48,4,1,0.239,0.378,0.279,0.656
"Baker, John",C,C,SD,63,193,17,46,8,0,0,14,20,41,2,1,0.238,0.28,0.31,0.59
"Barajas, Rod",C,C,PIT,104,321,29,66,11,0,11,31,29,69,0,0,0.206,0.343,0.283,0.625
"Barmes, Clint",SS,SS,PIT,144,455,34,104,16,1,8,45,20,106,0,2,0.229,0.321,0.272,0.593
"Barnes, Brandon",OF,OF,HOU,43,98,8,20,3,0,1,7,5,29,1,1,0.204,0.265,0.25,0.515
"Barney, Darwin",2B,2B,CHC,156,548,73,139,26,4,7,44,33,58,6,1,0.254,0.354,0.299,0.653
"Bartlett, Jason",SS,SS,FA,29,83,8,11,5,0,0,4,12,27,0,0,0.133,0.193,0.24,0.432
"Barton, Daric",1B,1B,OAK,46,113,8,23,7,0,1,6,22,32,1,0,0.204,0.292,0.338,0.63
"Bautista, Jose",OF,OF,TOR,92,332,64,80,14,0,27,65,59,63,5,2,0.241,0.527,0.358,0.886
"Baxter, Mike",OF,OF,NYM,89,179,26,47,14,2,3,17,25,45,5,3,0.263,0.413,0.365,0.778
"Bay, Jason",OF,OF,NYM,69,194,21,32,2,0,8,20,19,58,5,1,0.165,0.299,0.237,0.536
"Beckham, Gordon",2B,2B,CHW,151,525,62,123,24,0,16,60,40,89,5,4,0.234,0.371,0.296,0.668
"Bell, Josh",3B,3B,AZ,21,52,3,9,2,0,1,4,4,14,0,0,0.173,0.269,0.232,0.501
"Belt, Brandon",1B,1B,SF,145,411,47,113,27,6,7,56,54,106,12,2,0.275,0.421,0.36,0.781
"Beltran, Carlos",OF,OF,STL,151,547,83,147,26,1,32,97,65,124,13,6,0.269,0.495,0.346,0.842
"Beltre, Adrian",3B/DH,3B,TEX,156,604,95,195,33,2,36,103,36,82,1,0,0.323,0.563,0.361,0.924
"Berkman, Lance",1B,1B,STL,32,81,12,21,7,1,2,7,14,19,2,0,0.259,0.444,0.381,0.826
"Bernadina, Roger",OF,OF,WSH,129,227,25,66,11,0,5,25,28,53,15,3,0.291,0.405,0.372,0.777
"Berry, Quintin",OF,OF,DET,94,291,44,75,10,6,2,29,25,80,21,0,0.258,0.354,0.33,0.684
"Betancourt, Yuniesky",2B,2B,FA,57,215,21,49,14,1,7,36,9,25,0,1,0.228,0.4,0.256,0.656
"Betemit, Wilson",3B,3B,BAL,102,341,41,89,19,0,12,40,31,103,0,1,0.261,0.422,0.322,0.744
"Bianchi, Jeff",SS,SS,MIL,33,69,8,13,2,0,3,9,4,13,0,0,0.188,0.348,0.23,0.578
"Bixler, Brian",OF,OF,HOU,36,88,11,17,6,0,2,7,7,36,3,0,0.193,0.33,0.253,0.582
"Blackmon, Charlie",OF,OF,COL,42,113,15,32,8,0,2,9,4,17,1,2,0.283,0.407,0.325,0.732
"Blanco, Gregor",OF,OF,SF,141,393,56,96,14,5,5,34,51,104,26,6,0.244,0.344,0.333,0.676
"Blanco, Henry",C,C,AZ,21,64,6,12,3,0,1,7,3,18,1,0,0.188,0.281,0.224,0.505
"Blanks, Kyle",OF/1B,OF,SD,4,5,0,1,0,0,0,0,1,2,0,0,0.2,0.2,0.333,0.533
"Bloomquist, Willie",SS,SS,AZ,80,324,47,98,21,5,0,23,12,55,7,10,0.302,0.398,0.325,0.724
"Blum, Geoff",3B,3B,FA,17,28,1,4,0,0,0,1,2,7,0,0,0.143,0.143,0.194,0.336
"Boesch, Brennan",OF,OF,DET,132,470,52,113,22,2,12,54,26,104,6,3,0.24,0.372,0.286,0.659
"Bogusevic, Brian",OF,OF,HOU,145,351,39,71,9,2,7,28,41,94,15,4,0.202,0.299,0.298,0.597
"Bonifacio, Emilio",OF,OF,MIA,64,244,30,63,3,4,1,11,25,52,30,3,0.258,0.316,0.33,0.645
"Boscan, J.C.",C,C,ATL,6,10,0,2,0,0,0,2,0,1,0,0,0.2,0.2,0.2,0.4
"Bourgeois, Jason",OF,OF,KC,30,62,10,16,2,1,0,5,4,4,5,4,0.258,0.323,0.303,0.626
"Bourjos, Peter",OF,OF,LAA,101,168,27,37,7,0,3,19,15,44,3,1,0.22,0.315,0.291,0.606
"Bourn, Michael",OF,OF,ATL,155,624,96,171,26,10,9,57,70,155,42,13,0.274,0.391,0.348,0.739
"Brantley, Michael",OF,OF,CLE,149,552,63,159,37,4,6,60,53,56,12,9,0.288,0.402,0.348,0.75
"Brantly, Rob",C,C,MIA,31,100,14,29,8,0,3,8,13,16,1,1,0.29,0.46,0.372,0.832
"Braun, Ryan",OF,OF,MIL,154,598,108,191,36,3,41,112,63,128,30,7,0.319,0.595,0.391,0.987
"Brignac, Reid",SS,SS,TB,16,21,1,2,0,0,0,1,1,5,0,0,0.095,0.095,0.136,0.232
"Brown, Andrew",OF,OF,COL,46,112,14,26,7,0,5,11,12,34,2,2,0.232,0.429,0.302,0.73
"Brown, Corey",OF,OF,WSH,19,25,4,5,2,0,1,3,1,9,0,0,0.2,0.4,0.231,0.631
"Brown, Domonic",OF,OF,PHI,56,187,21,44,11,2,5,26,21,34,0,0,0.235,0.396,0.316,0.712
"Bruce, Jay",OF,OF,CIN,155,560,89,141,35,5,34,99,62,155,9,3,0.252,0.514,0.327,0.841
"Buck, John",C,C,MIA,106,343,29,66,15,1,12,41,49,103,0,0,0.192,0.347,0.297,0.644
"Buck, Travis",OF,OF,HOU,33,74,7,16,5,1,0,6,6,18,0,0,0.216,0.311,0.284,0.595
"Burriss, Emmanuel",2B,2B,SF,60,136,15,29,1,0,0,7,10,25,5,3,0.213,0.221,0.27,0.491
"Burroughs, Sean",3B,3B,MIN,10,17,0,2,1,0,0,1,1,3,0,0,0.118,0.176,0.167,0.343
"Butera, Drew",C,C,MIN,41,111,7,22,6,0,1,4,7,26,0,0,0.198,0.279,0.258,0.538
"Butler, Billy",DH/1B,DH,KC,161,614,72,192,32,1,29,107,54,111,2,1,0.313,0.51,0.373,0.882
"Byrd, Marlon",OF,OF,BOS,47,143,10,30,2,0,1,9,5,31,0,3,0.21,0.245,0.243,0.488
"Cabrera, Asdrubal",SS,SS,CLE,143,555,70,150,35,1,16,68,52,99,9,4,0.27,0.423,0.338,0.762
"Cabrera, Everth",SS,SS,SD,115,398,49,98,19,3,2,24,43,110,44,4,0.246,0.324,0.324,0.648
"Cabrera, Melky",OF,OF,SF,113,459,84,159,25,10,11,60,36,63,13,5,0.346,0.516,0.39,0.906
"Cabrera, Miguel",3B,3B,DET,161,622,109,205,40,0,44,139,66,98,4,1,0.33,0.606,0.393,0.999
"Cain, Lorenzo",OF,OF,KC,61,222,27,59,9,2,7,31,15,56,10,0,0.266,0.419,0.316,0.734
"Cairo, Miguel",1B,1B,CIN,70,150,9,28,7,2,1,13,4,20,4,0,0.187,0.28,0.212,0.492
"Calhoun, Kole",OF,OF,LAA,21,23,2,4,1,0,0,1,2,6,1,0,0.174,0.217,0.24,0.457
"Callaspo, Alberto",3B,3B,LAA,138,457,55,115,20,0,10,53,56,59,4,3,0.252,0.361,0.331,0.692
"Campana, Tony",OF,OF,CHC,89,173,26,45,6,0,0,5,11,43,30,3,0.26,0.295,0.304,0.599
"Cano, Robinson",2B,2B,NYY,161,627,105,196,48,1,33,94,61,96,3,2,0.313,0.55,0.379,0.929
"Canzler, Russ",OF,OF,CLE,26,93,9,26,3,0,3,11,4,22,0,0,0.28,0.409,0.309,0.718
"Cardenas, Adrian",2B,2B,CHC,45,60,5,11,6,0,0,2,7,13,0,0,0.183,0.283,0.269,0.552
"Carlin, Luke",C,C,CLE,4,14,2,3,1,0,0,1,0,3,1,0,0.214,0.286,0.214,0.5
"Carp, Mike",OF/1B,OF,SEA,59,164,17,35,6,0,5,20,21,46,1,0,0.213,0.341,0.312,0.654
"Carpenter, Matt",1B/3B/OF,1B,STL,114,296,44,87,22,5,6,46,34,63,1,1,0.294,0.463,0.365,0.828
"Carrera, Ezequiel",OF,OF,CLE,48,147,20,40,6,3,2,11,8,35,8,1,0.272,0.395,0.312,0.707
"Carroll, Brett",OF,OF,WSH,5,2,2,0,0,0,0,0,0,0,0,0,0,0,0,0
"Carroll, Jamey",2B/3B/SS,2B,MIN,138,470,65,126,18,1,1,40,52,65,9,5,0.268,0.317,0.343,0.66
"Carson, Matt",OF,OF,MIN,26,66,3,15,1,0,0,4,2,21,0,0,0.227,0.242,0.246,0.489
"Carter, Chris",1B,1B,OAK,67,218,38,52,12,0,16,39,39,83,0,0,0.239,0.514,0.35,0.864
"Casilla, Alexi",2B,2B,MIN,106,299,33,72,17,2,1,30,16,52,21,1,0.241,0.321,0.282,0.603
"Castellanos, Alex",OF,OF,LAD,16,23,3,4,0,1,1,3,0,8,0,0,0.174,0.391,0.2,0.591
"Castillo, Welington",C,C,CHC,52,170,16,45,11,0,5,22,17,51,0,0,0.265,0.418,0.337,0.754
"Castro, Jason",C,C,HOU,87,257,29,66,15,2,6,29,31,61,0,0,0.257,0.401,0.334,0.735
"Castro, Starlin",SS,SS,CHC,162,646,78,183,29,12,14,79,36,100,25,13,0.283,0.43,0.323,0.753
"Cedeno, Ronny",2B/SS,2B,NYM,78,166,18,43,11,1,4,22,17,35,0,1,0.259,0.41,0.332,0.741
"Cervelli, Francisco",C,C,NYY,3,1,1,0,0,0,0,0,1,0,0,0,0,0,0.5,0.5
"Cespedes, Yoenis",OF/DH,OF,OAK,129,487,70,142,25,5,23,82,43,102,16,4,0.292,0.505,0.356,0.861
"Chambers, Adron",OF,OF,STL,41,54,4,12,0,2,0,4,5,18,2,1,0.222,0.296,0.3,0.596
"Chavez, Endy",OF,OF,BAL,64,158,15,32,6,0,2,12,6,24,3,2,0.203,0.278,0.236,0.515
"Chavez, Eric",3B,3B,NYY,113,278,36,78,12,0,16,37,30,59,0,0,0.281,0.496,0.348,0.845
"Chisenhall, Lonnie",3B,3B,CLE,43,142,16,38,6,1,5,16,8,27,2,1,0.268,0.43,0.311,0.741
"Choo, Shin-Soo",OF,OF,CLE,155,598,88,169,43,2,16,67,73,150,21,7,0.283,0.441,0.373,0.815
"Christian, Justin",OF,OF,SF,34,56,6,7,1,0,0,2,5,3,2,1,0.125,0.143,0.197,0.34
"Ciriaco, Pedro",3B,3B,BOS,76,259,33,76,15,2,2,19,8,47,16,3,0.293,0.39,0.315,0.705
"Clement, Jeff",1B,1B,PIT,23,22,1,3,1,0,0,1,2,7,0,0,0.136,0.182,0.208,0.39
"Clevenger, Steve",C,C,CHC,69,199,16,40,12,0,1,16,16,39,0,1,0.201,0.276,0.26,0.537
"Coghlan, Chris",OF,OF,MIA,39,93,10,13,1,0,1,10,9,12,0,2,0.14,0.183,0.212,0.394
"Colvin, Tyler",OF/1B,OF,COL,136,420,62,122,27,10,18,72,21,117,7,3,0.29,0.531,0.327,0.858
"Conger, Hank",C,C,LAA,7,18,0,3,0,0,0,1,1,0,0,0,0.167,0.167,0.238,0.405
"Conrad, Brooks",3B,3B,TB,49,98,6,13,5,0,4,15,6,43,0,0,0.133,0.306,0.181,0.487
"Constanza, Jose",OF,OF,ATL,37,76,8,19,2,0,0,4,8,21,5,2,0.25,0.276,0.321,0.598
"Cooper, David",1B,1B,TOR,45,140,16,42,11,0,4,11,4,22,0,1,0.3,0.464,0.324,0.788
"Corporan, Carlos",C,C,HOU,27,78,5,21,2,0,4,13,4,19,0,1,0.269,0.449,0.31,0.758
"Costanzo, Mike",1B,1B,CIN,17,18,0,1,0,0,0,2,1,10,0,0,0.056,0.056,0.095,0.151
"Cousins, Scott",OF,OF,MIA,53,86,7,14,4,1,1,3,4,24,1,1,0.163,0.267,0.2,0.467
"Cowgill, Collin",OF,OF,OAK,38,104,10,28,2,0,1,9,11,27,3,4,0.269,0.317,0.336,0.654
"Cozart, Zack",SS,SS,CIN,138,561,72,138,33,4,15,35,31,113,4,1,0.246,0.399,0.288,0.687
"Craig, Allen",1B/OF,1B,STL,119,469,76,144,35,0,22,92,37,89,2,1,0.307,0.522,0.354,0.876
"Crawford, Brandon",SS,SS,SF,143,435,44,108,26,3,4,45,33,95,1,4,0.248,0.349,0.304,0.653
"Crawford, Carl",OF,OF,LAD,31,117,23,33,10,2,3,19,3,22,5,0,0.282,0.479,0.306,0.785
"Crisp, Coco",OF,OF,OAK,120,455,68,118,25,7,11,46,45,64,39,4,0.259,0.418,0.325,0.742
"Cruz, Luis",3B/SS,3B,LAD,78,283,26,84,20,0,6,40,9,34,2,1,0.297,0.431,0.322,0.753
"Cruz, Nelson",OF,OF,TEX,159,585,86,152,45,0,24,90,48,140,8,4,0.26,0.46,0.319,0.779
"Cruz, Tony",C,C,STL,51,126,11,32,9,1,1,11,3,19,0,1,0.254,0.365,0.267,0.632
"Cuddyer, Michael",OF/1B,OF,COL,101,358,53,93,30,2,16,58,32,78,8,3,0.26,0.489,0.317,0.806
"Culberson, Charlie",2B,2B,COL,6,22,0,3,0,0,0,1,0,7,0,0,0.136,0.136,0.136,0.273
"Cunningham, Aaron",OF,OF,CLE,72,97,5,17,4,0,1,7,9,25,0,3,0.175,0.247,0.245,0.493
"Damon, Johnny",OF,OF,FA,64,207,25,46,6,2,4,19,17,27,4,0,0.222,0.329,0.281,0.61
"Danks, Jordan",OF,OF,CHW,50,67,12,15,1,0,1,4,6,16,3,1,0.224,0.284,0.28,0.564
"d'Arnaud, Chase",2B,2B,PIT,8,6,2,0,0,0,0,1,0,2,1,0,0,0,0,0
"Darnell, James",OF,OF,SD,7,17,1,4,1,0,1,1,2,2,0,0,0.235,0.471,0.316,0.786
"Davis, Chris",DH/OF/1B,DH,BAL,138,507,75,139,20,0,33,85,37,164,2,3,0.274,0.509,0.33,0.839
"Davis, Ike",1B,1B,NYM,156,519,66,118,26,0,32,90,61,141,0,2,0.227,0.462,0.308,0.771
"Davis, Rajai",OF,OF,TOR,142,447,64,115,24,3,8,43,29,102,46,13,0.257,0.378,0.309,0.687
"De Aza, Alejandro",OF,OF,CHW,131,524,81,147,29,6,9,50,47,109,26,12,0.281,0.41,0.349,0.76
"De Jesus, Ivan",2B,2B,BOS,31,41,5,9,3,0,0,4,3,13,1,1,0.22,0.293,0.267,0.559
"DeJesus, David",OF,OF,CHC,148,507,76,134,28,8,9,50,61,89,7,8,0.264,0.404,0.351,0.755
"Denorfia, Chris",OF,OF,SD,129,347,56,102,19,6,8,36,27,52,13,5,0.294,0.452,0.346,0.798
"DeRosa, Mark",OF,OF,WSH,48,85,13,16,5,0,0,6,14,18,1,0,0.188,0.247,0.3,0.547
"Descalso, Daniel",2B/3B/SS,2B,STL,143,374,41,85,10,7,4,26,37,83,6,3,0.227,0.324,0.303,0.627
"Desmond, Ian",SS,SS,WSH,130,513,72,150,33,2,25,73,30,113,21,6,0.292,0.511,0.335,0.845
"DeWitt, Blake",2B,2B,CHC,18,29,1,4,1,0,0,1,0,2,0,0,0.138,0.172,0.133,0.306
"Diaz, Juan",SS,SS,CLE,5,15,4,4,0,0,0,0,1,5,0,0,0.267,0.267,0.353,0.62
"Diaz, Matt",OF,OF,ATL,51,108,10,24,6,0,2,13,9,21,0,0,0.222,0.333,0.28,0.613
"Dickerson, Chris",OF,OF,NYY,25,14,5,4,0,0,2,5,3,5,3,0,0.286,0.714,0.412,1.126
"Dirks, Andy",OF,OF,DET,88,314,56,101,18,5,8,35,23,53,1,1,0.322,0.487,0.37,0.857
"Dobbs, Greg",OF/3B,OF,MIA,120,319,26,91,13,2,5,39,14,53,4,2,0.285,0.386,0.313,0.698
"Dominguez, Matt",3B,3B,HOU,31,109,14,31,2,2,5,16,4,17,0,0,0.284,0.477,0.31,0.787
"Donald, Jason",3B,3B,CLE,43,124,18,25,2,1,2,11,5,40,4,0,0.202,0.282,0.246,0.529
"Donaldson, Josh",3B,3B,OAK,75,274,34,66,16,0,9,33,14,61,4,1,0.241,0.398,0.289,0.687
"Doumit, Ryan",C/OF/DH,C,MIN,134,484,56,133,34,1,18,75,29,98,0,0,0.275,0.461,0.32,0.781
"Downs, Matt",1B,1B,HOU,91,178,15,36,4,1,8,16,8,38,2,4,0.202,0.371,0.253,0.623
"Dozier, Brian",SS,SS,MIN,84,316,33,74,11,1,6,33,16,58,9,2,0.234,0.332,0.271,0.603
"Drew, Stephen",SS,SS,OAK,79,287,38,64,13,1,7,28,37,76,1,2,0.223,0.348,0.309,0.657
"Duda, Lucas",OF,OF,NYM,121,401,43,96,15,0,15,57,51,120,1,0,0.239,0.389,0.329,0.718
"Duncan, Shelley",OF,OF,CLE,81,232,29,47,10,0,11,31,28,59,1,2,0.203,0.388,0.288,0.676
"Dunn, Adam",DH/1B,DH,CHW,151,539,87,110,19,0,41,96,105,222,2,1,0.204,0.468,0.333,0.8
"Dyson, Jarrod",OF,OF,KC,102,292,52,76,8,5,0,9,30,56,30,5,0.26,0.322,0.328,0.65
"Eaton, Adam",OF,OF,AZ,21,79,18,20,2,2,2,5,14,14,2,3,0.253,0.405,0.385,0.79
"Eldred, Brad",DH,DH,FA,5,16,1,3,1,1,0,1,1,6,0,0,0.188,0.375,0.235,0.61
"Ellis, A.J.",C,C,LAD,133,423,44,114,20,1,13,52,65,107,0,0,0.27,0.414,0.373,0.786
"Ellis, Mark",2B,2B,LAD,110,415,62,107,21,1,7,31,40,70,5,0,0.258,0.364,0.333,0.697
"Ellsbury, Jacoby",OF,OF,BOS,74,303,43,82,18,0,4,26,19,43,14,3,0.271,0.37,0.313,0.682
"Elmore, Jacob",SS,SS,AZ,30,68,1,13,4,0,0,7,5,6,0,0,0.191,0.25,0.247,0.497
"Encarnacion, Edwin",DH/1B,DH,TOR,151,542,93,152,24,0,42,110,84,94,13,3,0.28,0.557,0.384,0.941
"Escobar, Alcides",SS,SS,KC,155,605,68,177,30,7,5,53,27,100,35,5,0.293,0.39,0.331,0.721
"Escobar, Eduardo",3B,3B,MIN,50,131,18,28,4,1,0,9,11,31,3,0,0.214,0.26,0.278,0.537
"Escobar, Yunel",SS,SS,TOR,145,558,58,141,22,1,9,51,35,70,5,1,0.253,0.344,0.3,0.644
"Espinosa, Danny",2B/SS,2B,WSH,160,594,82,147,37,2,17,56,46,189,20,6,0.247,0.402,0.315,0.717
"Ethier, Andre",OF,OF,LAD,149,556,79,158,36,1,20,89,50,124,2,2,0.284,0.46,0.351,0.812
"Exposito, Luis",C,C,BAL,9,18,2,1,0,0,0,0,3,5,0,0,0.056,0.056,0.19,0.246
"Falu, Irving",2B,2B,KC,24,85,14,29,6,1,0,7,4,9,0,2,0.341,0.435,0.371,0.806
"Farris, Eric",2B,2B,MIL,13,8,1,1,0,0,0,0,1,2,1,0,0.125,0.125,0.222,0.347
"Federowicz, Tim",C,C,LAD,3,3,0,1,0,0,0,0,1,2,0,0,0.333,0.333,0.5,0.833
"Field, Thomas",2B,2B,COL,2,2,0,0,0,0,0,0,1,1,0,0,0,0,0.333,0.333
"Fielder, Prince",1B,1B,DET,162,581,83,182,33,1,30,108,85,84,1,0,0.313,0.528,0.412,0.94
"Figgins, Chone",OF,OF,SEA,66,166,18,30,5,2,2,11,19,48,4,1,0.181,0.271,0.262,0.533
"Flaherty, Ryan",2B/OF,2B,BAL,77,153,15,33,2,1,6,19,6,43,1,0,0.216,0.359,0.258,0.617
"Flores, Jesus",C,C,WSH,83,277,22,59,12,1,6,26,13,59,1,2,0.213,0.329,0.248,0.577
"Florimon, Pedro",SS,SS,MIN,43,137,16,30,5,2,1,10,10,30,3,1,0.219,0.307,0.272,0.579
"Flowers, Tyler",C,C,CHW,52,136,19,29,6,0,7,13,12,56,2,1,0.213,0.412,0.296,0.708
"Fontenot, Mike",2B,2B,FA,47,97,13,28,2,0,1,5,7,23,0,1,0.289,0.34,0.343,0.683
"Ford, Lew",OF,OF,BAL,25,71,7,13,3,0,3,4,7,13,1,0,0.183,0.352,0.256,0.609
"Forsythe, Logan",2B,2B,SD,91,315,45,86,13,3,6,26,28,57,8,2,0.273,0.39,0.343,0.733
"Fowler, Dexter",OF,OF,COL,143,454,72,136,18,11,13,53,68,128,12,5,0.3,0.474,0.389,0.863
"Francisco, Ben",OF,OF,TB,82,192,14,46,14,1,4,15,13,49,0,1,0.24,0.385,0.285,0.67
"Francisco, Juan",3B,3B,ATL,93,192,17,45,11,0,9,32,11,70,1,1,0.234,0.432,0.278,0.71
"Francoeur, Jeff",OF,OF,KC,148,561,58,132,26,3,16,49,34,119,4,7,0.235,0.378,0.287,0.665
"Frandsen, Kevin",3B,3B,PHI,55,195,24,66,10,3,2,14,9,18,0,1,0.338,0.451,0.383,0.834
"Frazier, Todd",3B/1B,3B,CIN,128,422,55,115,26,6,19,67,36,103,3,2,0.273,0.498,0.331,0.829
"Freeman, Freddie",1B,1B,ATL,147,540,91,140,33,2,23,94,64,129,2,0,0.259,0.456,0.34,0.796
"Freese, David",3B,3B,STL,144,501,70,147,25,1,20,79,57,122,3,3,0.293,0.467,0.372,0.839
"Fryer, Eric",OF,OF,PIT,6,4,0,1,0,0,0,0,1,1,0,0,0.25,0.25,0.4,0.65
"Fukudome, Kosuke",OF,OF,NYY,24,41,2,7,1,0,0,4,8,9,0,1,0.171,0.195,0.294,0.489
"Fuld, Sam",OF,OF,TB,44,98,14,25,3,2,0,5,8,14,7,2,0.255,0.327,0.318,0.644
"Furcal, Rafael",SS,SS,STL,121,477,69,126,18,3,5,49,44,57,12,4,0.264,0.346,0.325,0.671
"Galvis, Freddy",2B,2B,PHI,58,190,14,43,15,1,3,24,7,29,0,0,0.226,0.363,0.254,0.617
"Gamel, Mat",1B,1B,MIL,21,69,10,17,2,1,1,6,4,15,3,0,0.246,0.348,0.293,0.641
"Garcia, Avisail",OF,OF,DET,23,47,7,15,0,0,0,3,3,10,0,2,0.319,0.319,0.373,0.692
"Gardner, Brett",OF,OF,NYY,16,31,7,10,2,0,0,3,5,7,2,2,0.323,0.387,0.417,0.804
"Gentry, Craig",OF,OF,TEX,121,240,31,73,12,3,1,26,14,41,13,7,0.304,0.392,0.367,0.759
"Getz, Chris",2B,2B,KC,64,189,22,52,10,3,0,17,11,17,9,3,0.275,0.36,0.312,0.672
"Giambi, Jason",1B,1B,COL,60,89,7,20,4,0,1,8,20,24,0,0,0.225,0.303,0.372,0.675
"Giavotella, Johnny",2B,2B,KC,53,181,21,43,7,1,1,15,8,35,3,0,0.238,0.304,0.27,0.574
"Gillaspie, Conor",3B,3B,SF,6,20,2,3,1,0,0,2,0,2,0,0,0.15,0.2,0.15,0.35
"Gimenez, Chris",C,C,TB,42,100,10,26,4,0,1,9,8,24,0,0,0.26,0.33,0.315,0.645
"Gimenez, Hector",C,C,CHW,5,11,1,5,0,0,0,1,0,3,0,0,0.455,0.455,0.455,0.909
"Goldschmidt, Paul",1B,1B,AZ,145,514,82,147,43,1,20,82,60,130,18,3,0.286,0.49,0.359,0.85
"Gomes, Jonny",DH/OF,DH,OAK,99,279,46,73,10,0,18,47,44,104,3,1,0.262,0.491,0.377,0.868
"Gomes, Yan",1B,1B,TOR,43,98,9,20,4,0,4,13,6,32,0,0,0.204,0.367,0.264,0.631
"Gomez, Carlos",OF,OF,MIL,137,415,72,108,19,4,19,51,20,98,37,6,0.26,0.463,0.305,0.768
"Gomez, Mauro",1B,1B,ATL,37,102,14,28,5,2,2,17,8,26,0,0,0.275,0.422,0.324,0.746
"Gonzalez, Adrian",1B,1B,LAD,159,629,75,188,47,1,18,108,42,110,2,0,0.299,0.463,0.344,0.806
"Gonzalez, Alberto",SS,SS,TEX,24,54,7,13,2,1,0,4,0,9,0,0,0.241,0.315,0.241,0.556
"Gonzalez, Alex",SS,SS,MIL,24,81,8,21,4,0,4,15,6,15,1,1,0.259,0.457,0.326,0.783
"Gonzalez, Carlos",OF,OF,COL,135,518,89,157,31,5,22,85,56,115,20,5,0.303,0.51,0.371,0.881
"Gonzalez, Marwin",SS,SS,HOU,80,205,21,48,13,0,2,12,13,29,3,3,0.234,0.327,0.28,0.607
"Gordon, Alex",OF,OF,KC,161,642,93,189,51,5,14,72,73,140,10,5,0.294,0.455,0.368,0.822
"Gordon, Dee",SS,SS,LAD,87,303,38,69,9,2,1,17,20,62,32,10,0.228,0.281,0.28,0.561
"Gose, Anthony",OF,OF,TOR,56,166,25,37,7,3,1,11,17,59,15,3,0.223,0.319,0.303,0.622
"Graham, Tyler",OF,OF,AZ,10,2,1,0,0,0,0,0,0,2,0,1,0,0,0,0
"Grandal, Yasmani",C,C,SD,60,192,28,57,7,1,8,36,31,39,0,0,0.297,0.469,0.394,0.863
"Granderson, Curtis",OF,OF,NYY,160,596,102,138,18,4,43,106,75,195,10,3,0.232,0.492,0.319,0.811
"Green, Nick",3B,3B,MIA,7,23,1,4,3,0,0,1,0,6,0,0,0.174,0.304,0.208,0.513
"Green, Taylor",1B,1B,MIL,58,103,8,19,7,0,3,14,10,24,0,0,0.184,0.34,0.265,0.605
"Greenberg, Adam",OF,OF,FA,1,1,0,0,0,0,0,0,0,1,0,0,0,0,0,0
"Greene, Tyler",2B/SS,2B,HOU,116,305,34,70,15,2,11,30,19,95,12,4,0.23,0.4,0.274,0.674
"Gregorius, Didi",SS,SS,CIN,8,20,1,6,0,0,0,2,0,5,0,0,0.3,0.3,0.3,0.6
"Gutierrez, Franklin",OF,OF,SEA,40,150,18,39,10,1,4,17,9,31,3,1,0.26,0.42,0.309,0.729
"Guyer, Brandon",OF,OF,TB,3,7,2,1,0,0,1,1,0,1,0,0,0.143,0.571,0.143,0.714
"Guzman, Jesus",OF,OF,SD,120,287,32,71,18,2,9,48,29,71,3,3,0.247,0.418,0.319,0.737
"Gwynn, Tony",OF,OF,LAD,103,259,29,60,8,4,0,17,16,52,13,6,0.232,0.293,0.276,0.57
"Hafner, Travis",DH,DH,CLE,66,219,23,50,6,2,12,34,32,47,0,0,0.228,0.438,0.346,0.784
"Hague, Matt",1B,1B,PIT,30,70,5,16,2,0,0,7,3,14,1,0,0.229,0.257,0.27,0.527
"Hairston, Jerry",3B/2B,3B,LAD,78,238,19,65,13,1,4,26,23,27,1,2,0.273,0.387,0.342,0.729
"Hairston, Scott",OF,OF,NYM,134,377,52,99,25,3,20,57,19,83,8,2,0.263,0.504,0.299,0.803
"Hall, Bill",DH,DH,BAL,7,9,2,2,0,0,1,1,5,7,0,0,0.222,0.556,0.5,1.056
"Hamilton, Josh",OF,OF,TEX,148,562,103,160,31,2,43,128,60,162,7,4,0.285,0.577,0.354,0.93
"Hanigan, Ryan",C,C,CIN,112,317,25,87,14,0,2,24,44,37,0,0,0.274,0.338,0.365,0.703
"Hannahan, Jack",3B,3B,CLE,105,287,23,70,16,0,4,29,27,63,0,2,0.244,0.341,0.312,0.654
"Hardy, J.J.",SS,SS,BAL,158,663,85,158,30,2,22,68,38,106,0,0,0.238,0.389,0.282,0.671
"Harper, Bryce",OF,OF,WSH,139,533,98,144,26,9,22,59,56,120,18,6,0.27,0.477,0.34,0.817
"Harris, Willie",2B,2B,CIN,25,44,5,5,4,0,0,2,3,8,1,1,0.114,0.205,0.17,0.375
"Harrison, Josh",2B/SS,2B,PIT,104,249,34,58,9,5,3,16,10,37,7,3,0.233,0.345,0.279,0.624
"Hart, Corey",1B/OF,1B,MIL,149,562,91,152,35,4,30,83,44,151,5,0,0.27,0.507,0.334,0.841
"Hayes, Brett",C,C,MIA,39,114,7,23,6,0,0,3,4,49,1,0,0.202,0.254,0.229,0.483
"Headley, Chase",3B,3B,SD,161,604,95,173,31,2,31,115,86,157,17,6,0.286,0.498,0.376,0.875
"Hechavarria, Adeiny",3B,3B,TOR,41,126,10,32,8,0,2,15,4,32,0,0,0.254,0.365,0.28,0.645
"Heisey, Chris",OF,OF,CIN,120,347,44,92,16,5,7,31,18,81,6,3,0.265,0.401,0.315,0.715
"Helton, Todd",1B,1B,COL,69,240,31,57,16,1,7,37,39,44,1,1,0.238,0.4,0.343,0.743
"Hermida, Jeremy",OF,OF,FA,13,24,2,6,1,1,0,2,3,7,1,0,0.25,0.375,0.333,0.708
"Hernandez, Gorkys",OF,OF,MIA,70,156,18,30,2,3,3,13,13,42,7,2,0.192,0.301,0.267,0.569
"Hernandez, Luis",SS/3B,SS,NYM,2,2,0,0,0,0,0,0,0,0,0,0,0,0,0,0
"Hernandez, Ramon",C,C,COL,52,184,16,40,10,0,5,28,6,32,0,1,0.217,0.353,0.247,0.601
"Herrera, Elian",OF/3B,OF,LAD,67,187,26,47,10,1,1,17,23,50,4,2,0.251,0.332,0.34,0.671
"Herrera, Jonathan",SS,SS,COL,86,225,29,59,9,1,3,12,16,39,4,1,0.262,0.351,0.317,0.668
"Herrmann, Chris",C,C,MIN,7,18,0,1,0,0,0,1,1,5,0,0,0.056,0.056,0.105,0.161
"Hester, John",C,C,LAA,39,85,14,18,1,0,3,4,8,25,0,0,0.212,0.329,0.287,0.617
"Heyward, Jason",OF,OF,ATL,158,587,93,158,30,6,27,82,58,152,21,8,0.269,0.479,0.335,0.814
"Hicks, Brandon",SS,SS,OAK,22,64,8,11,5,0,3,7,6,31,1,0,0.172,0.391,0.243,0.633
"Hill, Aaron",2B,2B,AZ,156,609,93,183,43,6,26,85,52,86,14,5,0.3,0.519,0.358,0.877
"Hill, Koyie",C,C,WSH,11,39,3,7,1,0,0,1,0,7,0,0,0.179,0.205,0.179,0.385
"Hill, Steve",1B,1B,STL,9,10,1,2,1,0,0,0,0,3,0,0,0.2,0.3,0.2,0.5
"Hinske, Eric",1B,1B,TB,91,132,9,26,7,1,2,13,14,41,0,0,0.197,0.311,0.272,0.583
"Hoes, Jerome",DH/OF,DH,BAL,2,1,0,0,0,0,0,0,0,0,0,0,0,0,0,0
"Holaday, Bryan",C,C,DET,6,12,3,3,1,0,0,0,0,2,0,0,0.25,0.333,0.25,0.583
"Holliday, Matt",OF,OF,STL,157,599,95,177,36,2,27,102,75,132,4,4,0.295,0.497,0.379,0.877
"Holt, Brock",2B,2B,PIT,24,65,6,19,2,1,0,3,4,14,0,0,0.292,0.354,0.329,0.682
"Hosmer, Eric",1B,1B,KC,152,535,65,124,22,2,14,60,56,95,16,1,0.232,0.359,0.304,0.663
"Howard, Ryan",1B,1B,PHI,71,260,28,57,11,0,14,56,25,99,0,0,0.219,0.423,0.295,0.718
"Hudson, Orlando",2B/3B,2B,CHW,86,260,21,53,3,8,3,28,20,51,6,3,0.204,0.312,0.261,0.572
"Huff, Aubrey",1B,1B,SF,52,78,7,15,4,0,1,7,16,12,0,0,0.192,0.282,0.326,0.608
"Hughes, Luke",3B,3B,OAK,8,23,0,3,0,0,0,2,0,10,1,0,0.13,0.13,0.125,0.255
"Hundley, Nick",C,C,SD,58,204,14,32,7,1,3,21,15,56,0,3,0.157,0.245,0.219,0.464
"Hunter, Torii",OF,OF,LAA,140,534,81,167,24,1,16,92,38,133,9,1,0.313,0.451,0.365,0.817
"Iannetta, Chris",C,C,LAA,79,221,27,53,6,1,9,26,29,60,1,3,0.24,0.398,0.332,0.73
"Ibanez, Raul",OF/DH,OF,NYY,130,384,50,92,19,3,19,62,35,67,3,0,0.24,0.453,0.308,0.761
"Iglesias, Jose",SS,SS,BOS,25,68,5,8,2,0,1,2,4,16,1,0,0.118,0.191,0.2,0.391
"Infante, Omar",2B,2B,DET,149,554,69,152,30,7,12,53,21,65,17,3,0.274,0.419,0.3,0.719
"Inge, Brandon",3B,3B,OAK,83,303,33,66,14,0,12,54,24,91,0,1,0.218,0.383,0.275,0.658
"Ishikawa, Travis",1B,1B,MIL,94,152,19,39,12,1,4,30,13,42,0,0,0.257,0.428,0.329,0.757
"Izturis, Cesar",SS,SS,FA,62,166,13,40,7,2,2,11,3,13,1,1,0.241,0.343,0.254,0.598
"Izturis, Maicer",3B/2B/SS,3B,LAA,100,289,35,74,11,0,2,20,25,38,17,2,0.256,0.315,0.32,0.634
"Jackson, Austin",OF,OF,DET,137,543,103,163,29,10,16,66,67,134,12,9,0.3,0.479,0.377,0.856
"Jackson, Brett",OF,OF,CHC,44,120,14,21,6,1,4,9,22,59,0,3,0.175,0.342,0.303,0.644
"Jackson, Ryan",2B,2B,STL,13,17,2,2,0,0,0,0,1,3,0,0,0.118,0.118,0.167,0.284
"Jacobs, Mike",1B,1B,COL,13,19,4,4,1,0,0,2,4,6,0,0,0.211,0.263,0.348,0.611
"Janish, Paul",SS,SS,ATL,55,167,18,31,6,1,0,9,17,30,1,0,0.186,0.234,0.269,0.502
"Jaso, John",DH/C,DH,SEA,108,294,41,81,19,2,10,50,56,51,5,0,0.276,0.456,0.394,0.85
"Jay, Jon",OF,OF,STL,117,443,70,135,22,4,4,40,34,71,19,7,0.305,0.4,0.373,0.773
"Jennings, Desmond",OF,OF,TB,132,505,85,124,19,7,13,47,46,120,31,2,0.246,0.388,0.314,0.702
"Jeter, Derek",SS/DH,SS,NYY,159,683,99,216,32,0,15,58,45,90,9,4,0.316,0.429,0.362,0.791
"Jimenez, Luis",DH,DH,LAA,7,17,0,1,0,0,0,0,1,4,0,0,0.059,0.059,0.111,0.17
"Johnson, Chris",3B,3B,AZ,136,488,48,137,28,5,15,76,31,132,5,1,0.281,0.451,0.326,0.777
"Johnson, Dan",DH,DH,CHW,14,22,8,8,1,0,3,6,9,3,0,0,0.364,0.818,0.548,1.367
"Johnson, Elliot",SS,SS,TB,123,297,32,72,10,2,6,33,24,84,18,6,0.242,0.35,0.304,0.654
"Johnson, Kelly",2B,2B,TOR,142,507,61,114,19,2,16,55,62,159,14,2,0.225,0.365,0.313,0.678
"Johnson, Nick",DH,DH,BAL,38,87,9,18,4,0,4,11,11,26,2,0,0.207,0.391,0.324,0.714
"Johnson, Reed",OF,OF,ATL,119,269,30,78,14,3,3,20,13,61,2,2,0.29,0.398,0.337,0.735
"Johnson, Rob",C,C,NYM,16,49,3,13,2,0,0,3,3,10,0,0,0.265,0.306,0.302,0.608
"Jones, Adam",OF,OF,BAL,162,648,103,186,39,3,32,82,34,126,16,7,0.287,0.505,0.334,0.839
"Jones, Andruw",OF,OF,NYY,94,233,27,46,7,0,14,34,28,71,0,0,0.197,0.408,0.294,0.701
"Jones, Chipper",3B,3B,ATL,112,387,58,111,23,0,14,62,57,51,1,0,0.287,0.455,0.377,0.832
"Jones, Garrett",1B/OF,1B,PIT,145,475,68,130,28,3,27,86,33,103,2,0,0.274,0.516,0.317,0.832
"Joyce, Matt",OF,OF,TB,124,399,55,96,18,3,17,59,55,102,4,3,0.241,0.429,0.341,0.769
"Ka'aihue, Kila",1B,1B,OAK,39,128,13,30,9,0,4,14,10,28,1,0,0.234,0.398,0.295,0.693
"Kalish, Ryan",OF,OF,BOS,36,96,12,22,3,0,0,5,6,26,3,2,0.229,0.26,0.272,0.532
"Kawasaki, Munenori",SS,SS,SEA,61,104,13,20,1,0,0,7,8,18,2,2,0.192,0.202,0.257,0.459
"Kearns, Austin",OF,OF,MIA,87,147,21,36,6,0,4,16,22,44,2,1,0.245,0.367,0.366,0.733
"Kelly, Don",OF,OF,DET,75,113,14,21,2,1,1,7,14,22,2,0,0.186,0.248,0.276,0.523
"Kemp, Matt",OF,OF,LAD,106,403,74,122,22,2,23,69,40,103,9,4,0.303,0.538,0.367,0.906
"Kendrick, Howard",2B,2B,LAA,147,550,57,158,32,3,8,67,29,115,14,6,0.287,0.4,0.325,0.725
"Kennedy, Adam",3B,3B,LAD,86,168,22,44,8,1,2,16,23,33,1,1,0.262,0.357,0.345,0.702
"Keppinger, Jeff",3B/2B/1B/DH,3B,TB,115,385,46,125,15,1,9,40,24,31,1,0,0.325,0.439,0.367,0.806
"Kinsler, Ian",2B,2B,TEX,157,655,105,168,42,5,19,72,60,90,21,9,0.256,0.423,0.326,0.749
"Kipnis, Jason",2B,2B,CLE,152,591,86,152,22,4,14,76,67,109,31,7,0.257,0.379,0.335,0.714
"Komatsu, Erik",OF,OF,MIN,30,51,5,11,0,0,0,1,6,5,0,0,0.216,0.216,0.293,0.509
"Konerko, Paul",1B/DH,1B,CHW,144,533,66,159,22,0,26,75,56,83,0,0,0.298,0.486,0.371,0.857
"Kotchman, Casey",1B,1B,CLE,142,463,46,106,12,0,12,55,26,49,3,0,0.229,0.333,0.28,0.612
"Kotsay, Mark",OF,OF,SD,82,143,9,37,8,0,2,14,11,14,0,2,0.259,0.357,0.314,0.671
"Kottaras, George",C,C,MIL,85,171,20,36,6,1,9,30,37,48,0,0,0.211,0.415,0.351,0.766
"Kozma, Pete",SS,SS,STL,26,72,11,24,5,3,2,14,7,19,2,0,0.333,0.569,0.383,0.952
"Kratz, Erik",C,C,PHI,50,141,14,35,9,0,9,26,11,34,0,0,0.248,0.504,0.306,0.809
"Kubel, Jason",OF,OF,AZ,141,506,75,128,30,4,30,90,57,151,1,1,0.253,0.506,0.327,0.833
"LaHair, Bryan",1B/OF,1B,CHC,130,340,42,88,17,0,16,40,39,124,4,2,0.259,0.45,0.334,0.784
"Laird, Brandon",3B,3B,HOU,17,35,2,9,1,0,1,4,2,8,0,0,0.257,0.371,0.297,0.669
"Laird, Gerald",C,C,DET,63,174,24,49,8,1,2,11,14,21,0,0,0.282,0.374,0.337,0.71
"Lalli, Blake",C,C,CHC,6,15,1,2,0,0,0,2,1,3,0,0,0.133,0.133,0.188,0.321
"Langerhans, Ryan",OF,OF,LAA,2,1,0,0,0,0,0,0,0,1,0,0,0,0,0,0
"LaPorta, Matt",1B,1B,CLE,22,58,2,14,2,0,1,5,1,17,0,0,0.241,0.328,0.267,0.594
"LaRoche, Adam",1B,1B,WSH,154,571,76,155,35,1,33,100,67,138,1,1,0.271,0.51,0.343,0.853
"Lavarnway, Ryan",C,C,BOS,46,153,11,24,8,0,2,12,11,41,0,0,0.157,0.248,0.211,0.459
"Lawrie, Brett",3B,3B,TOR,125,494,73,135,26,3,11,48,33,86,13,8,0.273,0.405,0.324,0.729
"Lee, Carlos",1B,1B,MIA,147,550,53,145,27,1,9,77,58,49,3,0,0.264,0.365,0.332,0.697
"LeMahieu, DJ",2B,2B,COL,81,229,26,68,12,4,2,22,13,42,1,2,0.297,0.41,0.332,0.742
"Leon, Sandy",C,C,WSH,12,30,2,8,2,0,0,2,4,11,0,0,0.267,0.333,0.389,0.722
"Lerud, Steve",C,C,PHI,3,10,1,2,0,0,0,0,0,2,0,0,0.2,0.2,0.2,0.4
"Lewis, Fred",OF,OF,NYM,18,20,2,3,0,0,0,0,4,5,0,0,0.15,0.15,0.32,0.47
"Liddi, Alex",3B,3B,SEA,38,116,8,26,4,1,3,10,9,49,2,1,0.224,0.353,0.278,0.631
"Lillibridge, Brent",OF/1B/SS,OF,CLE,102,190,25,37,6,0,3,10,11,71,13,2,0.195,0.274,0.25,0.524
"Lin, Che-Hsuan",OF,OF,BOS,9,12,1,3,0,0,0,0,0,5,0,0,0.25,0.25,0.25,0.5
"Lind, Adam",1B/DH,1B,TOR,93,321,28,82,14,2,11,45,29,61,0,0,0.255,0.414,0.314,0.729
"Lobaton, Jose",C,C,TB,69,167,16,37,10,0,2,20,24,46,0,1,0.222,0.317,0.323,0.64
"Lombardozzi, Stephen",2B/OF,2B,WSH,126,383,40,105,16,3,3,27,18,46,5,3,0.274,0.355,0.316,0.671
"Loney, James",1B,1B,BOS,144,434,37,108,20,0,6,41,28,51,0,3,0.249,0.336,0.293,0.63
"Longoria, Evan",3B/DH,3B,TB,74,273,39,79,14,0,17,55,33,61,2,3,0.289,0.527,0.369,0.896
"Lopez, Jose",3B,3B,FA,81,236,18,58,14,0,4,28,9,41,0,1,0.246,0.356,0.27,0.626
"Lough, David",OF,OF,KC,20,59,9,14,2,1,0,2,4,9,1,0,0.237,0.305,0.292,0.597
"Lowrie, Jed",SS,SS,HOU,97,340,43,83,18,0,16,42,43,65,2,0,0.244,0.438,0.331,0.769
"Lucroy, Jonathan",C,C,MIL,96,316,46,101,17,4,12,58,22,44,4,1,0.32,0.513,0.368,0.881
"Ludwick, Ryan",OF,OF,CIN,125,422,53,116,28,1,26,80,42,97,0,1,0.275,0.531,0.346,0.877
"Luna, Hector",1B,1B,PIT,28,62,5,14,2,0,2,10,4,14,0,0,0.226,0.355,0.273,0.628
"Lutz, Zach",1B,1B,NYM,7,11,1,1,0,0,0,0,0,5,0,0,0.091,0.091,0.091,0.182
"Machado, Manny",3B,3B,BAL,51,191,24,50,8,3,7,26,9,38,2,0,0.262,0.445,0.294,0.739
"Mahoney, Joe",1B,1B,BAL,2,4,0,0,0,0,0,0,0,0,0,0,0,0,0,0
"Maier, Mitch",OF,OF,KC,31,59,8,10,1,1,2,7,8,22,2,0,0.169,0.322,0.265,0.587
"Maldonado, Carlos",C,C,WSH,4,9,0,0,0,0,0,1,2,4,0,0,0,0,0.182,0.182
"Maldonado, Martin",C,C,MIL,78,233,22,62,9,0,8,30,17,55,1,1,0.266,0.408,0.321,0.729
"Markakis, Nick",OF,OF,BAL,104,420,59,125,28,3,13,54,42,51,1,1,0.298,0.471,0.363,0.834
"Marson, Lou",C,C,CLE,70,195,27,44,8,2,0,13,36,44,4,2,0.226,0.287,0.348,0.635
"Marte, Starling",OF,OF,PIT,47,167,18,43,3,6,5,17,8,50,12,5,0.257,0.437,0.3,0.737
"Martin, Leonys",OF,OF,TEX,24,46,6,8,5,2,0,6,4,12,3,0,0.174,0.37,0.235,0.605
"Martin, Russell",C,C,NYY,133,422,50,89,18,0,21,53,53,95,6,1,0.211,0.403,0.311,0.713
"Martinez, Fernando",OF,OF,HOU,41,118,12,28,7,1,6,14,6,34,0,1,0.237,0.466,0.3,0.766
"Martinez, J.D.",OF,OF,HOU,113,395,34,95,14,3,11,55,40,96,0,2,0.241,0.375,0.311,0.685
"Martinez, Luis",C,C,TEX,10,18,1,2,0,0,0,0,0,4,0,0,0.111,0.111,0.158,0.269
"Martinez, Michael",2B,2B,PHI,45,115,10,20,3,0,2,7,5,21,0,0,0.174,0.252,0.208,0.461
"Mastroianni, Darin",OF,OF,MIN,77,163,22,41,3,2,3,17,18,45,21,3,0.252,0.35,0.328,0.678
"Mather, Joe",OF,OF,CHC,102,225,18,47,11,0,5,19,14,46,5,2,0.209,0.324,0.256,0.581
"Mathis, Jeff",C,C,TOR,70,208,25,45,13,0,8,27,8,67,1,0,0.216,0.394,0.244,0.638
"Matsui, Hideki",OF,OF,FA,34,95,7,14,1,0,2,7,8,22,0,0,0.147,0.221,0.214,0.435
"Mattison, Kevin",OF,OF,MIA,3,5,0,0,0,0,0,0,0,2,0,0,0,0,0,0
"Mauer, Joe",C/1B/DH,C,MIN,147,545,81,174,31,4,10,85,90,88,8,4,0.319,0.446,0.416,0.861
"Maxwell, Justin",OF,OF,HOU,124,315,46,72,13,3,18,53,32,114,9,4,0.229,0.46,0.304,0.764
"Mayberry, John",OF/1B,OF,PHI,149,441,53,108,24,0,14,46,34,111,1,0,0.245,0.395,0.301,0.695
"Maybin, Cameron",OF,OF,SD,147,507,67,123,20,5,8,45,44,110,26,7,0.243,0.349,0.306,0.656
"Maysonet, Edwin",SS,SS,MIL,30,60,7,15,1,1,1,4,3,9,1,0,0.25,0.35,0.297,0.647
"McBride, Matt",OF,OF,COL,31,78,8,16,2,0,2,11,1,17,0,0,0.205,0.308,0.222,0.53
"McCann, Brian",C,C,ATL,121,439,44,101,14,0,20,67,44,76,3,0,0.23,0.399,0.3,0.698
"McCoy, Mike",OF,OF,TOR,32,52,10,9,1,0,1,7,4,6,2,1,0.173,0.25,0.232,0.482
"McCutchen, Andrew",OF,OF,PIT,157,593,107,194,29,6,31,96,70,132,20,12,0.327,0.553,0.4,0.953
"McDonald, Darnell",OF,OF,NYY,41,84,16,17,7,0,2,9,12,18,1,1,0.202,0.357,0.299,0.656
"McDonald, John",SS,SS,AZ,70,197,16,49,9,0,6,22,12,33,0,1,0.249,0.386,0.295,0.681
"McGehee, Casey",1B/3B,1B,NYY,114,318,36,69,16,1,9,41,29,70,1,1,0.217,0.358,0.284,0.643
"McKenry, Michael",C,C,PIT,88,240,25,56,14,0,12,39,29,73,0,0,0.233,0.442,0.32,0.762
"McLouth, Nate",OF,OF,BAL,89,266,39,64,14,1,7,20,27,61,12,1,0.241,0.38,0.314,0.694
"Mercer, Jordy",SS,SS,PIT,42,62,7,13,5,1,1,5,4,14,0,1,0.21,0.371,0.265,0.636
"Mesa, Melky",DH/OF,DH,NYY,3,2,0,1,0,0,0,1,0,0,0,0,0.5,0.5,0.5,1
"Mesoraco, Devin",C,C,CIN,54,165,17,35,8,0,5,14,17,33,1,1,0.212,0.352,0.288,0.64
"Middlebrooks, Will",3B,3B,BOS,75,267,34,77,14,0,15,54,13,70,4,1,0.288,0.509,0.325,0.835
"Molina, Jose",C,C,TB,102,251,27,56,9,0,8,32,20,60,3,1,0.223,0.355,0.286,0.64
"Molina, Yadier",C,C,STL,138,505,65,159,28,0,22,76,45,55,12,3,0.315,0.501,0.373,0.874
"Montero, Jesus",DH/C,DH,SEA,135,515,46,134,20,0,15,62,29,99,0,2,0.26,0.386,0.298,0.685
"Montero, Miguel",C,C,AZ,141,486,65,139,25,2,15,88,73,130,0,0,0.286,0.438,0.391,0.829
"Moore, Adam",C,C,KC,4,11,1,2,1,0,1,2,1,3,0,0,0.182,0.545,0.25,0.795
"Moore, Scott",3B,3B,HOU,72,201,23,52,11,0,9,26,16,56,0,1,0.259,0.448,0.33,0.778
"Moore, Tyler",OF,OF,WSH,75,156,20,41,9,0,10,29,14,46,3,0,0.263,0.513,0.324,0.836
"Morales, Kendrys",DH/1B,DH,LAA,134,484,61,132,26,1,22,73,31,116,0,1,0.273,0.467,0.32,0.787
"Morel, Brent",3B,3B,CHW,35,113,14,20,2,0,0,5,7,39,4,1,0.177,0.195,0.225,0.42
"Moreland, Mitch",1B,1B,TEX,114,327,41,89,18,0,15,50,23,71,1,1,0.272,0.465,0.318,0.783
"Morgan, Nyjer",OF,OF,MIL,122,289,44,69,5,3,3,16,20,63,12,5,0.239,0.308,0.302,0.61
"Morneau, Justin",1B/DH,1B,MIN,134,505,63,135,26,2,19,77,49,102,1,0,0.267,0.44,0.333,0.773
"Morrison, Logan",OF/1B,OF,MIA,93,296,30,68,15,1,11,36,31,58,1,0,0.23,0.399,0.308,0.707
"Morse, Michael",OF,OF,WSH,102,406,53,118,17,1,18,62,16,97,0,1,0.291,0.47,0.321,0.791
"Moss, Brandon",1B/OF,1B,OAK,84,265,48,77,18,0,21,52,26,90,1,1,0.291,0.596,0.358,0.954
"Moustakas, Mike",3B,3B,KC,149,563,69,136,34,1,20,73,39,124,5,2,0.242,0.412,0.296,0.708
"Murphy, Daniel",2B,2B,NYM,156,571,62,166,40,3,6,65,36,82,10,2,0.291,0.403,0.332,0.735
"Murphy, David",OF,OF,TEX,147,457,65,138,29,3,15,61,54,74,10,5,0.302,0.477,0.378,0.855
"Murphy, Donnie",3B,3B,MIA,52,116,13,25,6,2,3,12,9,35,1,1,0.216,0.379,0.281,0.661
"Nady, Xavier",OF,OF,SF,59,152,12,28,6,1,4,13,13,37,1,0,0.184,0.316,0.253,0.569
"Napoli, Mike",C/1B,C,TEX,108,352,53,80,9,2,24,56,56,125,1,0,0.227,0.469,0.343,0.812
"Nava, Daniel",OF,OF,BOS,88,267,38,65,21,0,6,33,37,63,3,0,0.243,0.39,0.352,0.742
"Navarro, Dioner",C,C,CIN,24,69,6,20,3,1,2,12,2,12,0,0,0.29,0.449,0.306,0.755
"Navarro, Yamaico",OF,OF,PIT,29,50,4,8,0,0,1,4,5,13,0,2,0.16,0.22,0.232,0.452
"Neal, Thomas",OF,OF,CLE,9,23,2,5,1,0,0,2,0,6,0,0,0.217,0.261,0.25,0.511
"Negron, Kris",OF,OF,CIN,4,4,2,1,0,0,0,0,1,2,0,0,0.25,0.25,0.4,0.65
"Nelson, Chris",3B/2B,3B,COL,111,345,45,104,21,3,9,53,27,84,2,1,0.301,0.458,0.352,0.81
"Nickeas, Mike",C,C,NYM,47,109,8,19,3,0,1,13,8,27,0,0,0.174,0.229,0.242,0.471
"Nieuwenhuis, Kirk",OF,OF,NYM,91,282,40,71,12,1,7,28,25,98,4,4,0.252,0.376,0.315,0.691
"Nieves, Wil",C,C,AZ,32,83,7,25,3,0,2,8,4,17,0,1,0.301,0.41,0.33,0.739
"Nishioka, Tsuyoshi",2B,2B,MIN,3,12,0,0,0,0,0,1,1,1,0,0,0,0,0.071,0.071
"Nix, Jayson",3B,3B,NYY,74,177,24,43,13,0,4,18,14,53,6,3,0.243,0.384,0.306,0.69
"Nix, Laynce",OF,OF,PHI,70,114,13,28,10,0,3,16,12,42,0,0,0.246,0.412,0.315,0.727
"Norris, Derek",C,C,OAK,60,209,19,42,8,1,7,34,21,66,5,1,0.201,0.349,0.276,0.625
"Nunez, Eduardo",SS,SS,NYY,38,89,14,26,4,1,1,11,6,12,11,2,0.292,0.393,0.33,0.723
"Olivo, Miguel",C,C,SEA,87,315,27,70,14,0,12,29,7,85,3,6,0.222,0.381,0.239,0.62
"Olmedo, Rey",3B,3B,CHW,20,41,8,10,2,0,0,1,0,9,0,0,0.244,0.293,0.244,0.537
"Olt, Mike",1B,1B,TEX,16,33,2,5,1,0,0,5,5,13,1,1,0.152,0.182,0.25,0.432
"Orr, Pete",2B,2B,PHI,35,54,6,17,5,1,0,7,1,18,3,1,0.315,0.444,0.327,0.772
"Ortega, Rafael",OF,OF,COL,2,4,0,2,0,0,0,0,1,2,1,0,0.5,0.5,0.667,1.167
"Ortiz, David",DH,DH,BOS,90,324,65,103,26,0,23,60,56,51,0,1,0.318,0.611,0.415,1.026
"Overbay, Lyle",1B,1B,FA,65,116,12,30,10,0,2,10,13,34,0,0,0.259,0.397,0.331,0.727
"Pacheco, Jordan",3B/1B,3B,COL,132,475,51,147,32,3,5,54,22,61,7,2,0.309,0.421,0.341,0.762
"Pagan, Angel",OF,OF,SF,154,605,95,174,38,15,8,56,48,97,29,7,0.288,0.44,0.338,0.778
"Paredes, Jimmy",OF,OF,HOU,24,74,7,14,1,1,0,3,6,21,2,1,0.189,0.23,0.244,0.474
"Parmelee, Chris",1B,1B,MIN,64,192,18,44,10,2,5,20,13,52,0,0,0.229,0.38,0.29,0.671
"Parra, Gerardo",OF,OF,AZ,133,386,58,105,21,2,7,36,33,77,15,9,0.272,0.391,0.334,0.725
"Parrino, Andy",SS,SS,SD,55,116,9,24,5,0,1,6,17,35,1,0,0.207,0.276,0.316,0.592
"Pastornicky, Tyler",SS,SS,ATL,76,169,21,41,6,1,2,13,10,32,2,0,0.243,0.325,0.287,0.613
"Paul, Xavier",OF,OF,WSH,55,86,8,27,5,1,2,7,9,18,4,2,0.314,0.465,0.379,0.844
"Paulino, Ronny",C,C,BAL,20,63,5,16,3,0,0,5,1,9,0,0,0.254,0.302,0.266,0.567
"Pearce, Steve",OF,OF,BAL,61,159,16,38,8,1,4,26,20,41,1,2,0.239,0.377,0.328,0.705
"Pedroia, Dustin",2B,2B,BOS,141,563,81,163,39,3,15,65,48,60,20,6,0.29,0.449,0.347,0.797
"Peguero, Carlos",OF,OF,SEA,17,56,2,10,2,1,2,7,1,28,0,0,0.179,0.357,0.193,0.55
"Peguero, Francisco",OF,OF,SF,17,16,6,3,0,0,0,0,0,7,3,0,0.188,0.188,0.188,0.375
"Pena, Brayan",C,C,KC,68,212,16,50,10,1,2,25,9,24,0,1,0.236,0.321,0.262,0.583
"Pena, Carlos",1B,1B,TB,160,497,72,98,17,2,19,61,87,182,2,3,0.197,0.354,0.33,0.684
"Pena, Ramiro",DH,DH,NYY,3,4,0,1,0,0,0,0,0,0,0,0,0.25,0.25,0.25,0.5
"Pence, Hunter",OF,OF,SF,160,617,87,156,26,4,24,104,56,145,5,2,0.253,0.425,0.319,0.743
"Pennington, Cliff",SS/2B,SS,OAK,125,418,50,90,18,2,6,28,35,90,15,6,0.215,0.311,0.278,0.589
"Peralta, Jhonny",SS,SS,DET,150,531,58,127,32,3,13,63,49,105,1,2,0.239,0.384,0.305,0.689
"Perez, Eury",OF,OF,WSH,13,6,3,1,0,0,0,0,1,0,3,0,0.167,0.167,0.286,0.452
"Perez, Hernan",2B,2B,DET,2,2,1,1,0,0,0,0,0,0,0,0,0.5,0.5,0.5,1
"Perez, Salvador",C,C,KC,76,289,38,87,16,0,11,39,12,27,0,0,0.301,0.471,0.328,0.798
"Petersen, Bryan",OF,OF,MIA,84,241,29,47,9,3,0,17,25,58,8,2,0.195,0.257,0.272,0.53
"Phelps, Cord",2B,2B,CLE,14,33,2,7,0,0,1,5,1,10,0,0,0.212,0.303,0.235,0.538
"Phillips, Brandon",2B,2B,CIN,147,580,86,163,30,1,18,77,28,79,15,2,0.281,0.429,0.321,0.75
"Phipps, Denis",OF,OF,CIN,8,10,4,3,1,0,1,2,1,4,0,0,0.3,0.7,0.364,1.064
"Pierre, Juan",OF,OF,PHI,130,394,59,121,10,6,1,25,23,27,37,7,0.307,0.371,0.351,0.721
"Pierzynski, A.J.",C,C,CHW,135,479,68,133,18,4,27,77,28,78,0,0,0.278,0.501,0.326,0.827
"Pill, Brett",1B,1B,SF,48,105,10,22,3,0,4,11,6,19,1,0,0.21,0.352,0.265,0.618
"Pina, Manny",C,C,KC,1,2,0,0,0,0,0,0,0,0,0,0,0,0,0,0
"Plouffe, Trevor",3B,3B,MIN,119,422,56,99,19,1,24,55,37,92,1,3,0.235,0.455,0.301,0.756
"Podsednik, Scott",OF,OF,BOS,63,199,19,60,7,0,1,12,6,35,8,2,0.302,0.352,0.322,0.674
"Polanco, Placido",3B,3B,PHI,90,303,28,78,15,0,2,19,18,25,0,0,0.257,0.327,0.302,0.629
"Pollock, A.J.",OF,OF,AZ,31,81,8,20,4,1,2,8,9,11,1,2,0.247,0.395,0.315,0.71
"Posey, Buster",C/1B,C,SF,148,530,78,178,39,1,24,103,69,96,1,1,0.336,0.549,0.408,0.957
"Prado, Martin",OF/3B,OF,ATL,156,617,81,186,42,6,10,70,58,69,17,4,0.301,0.438,0.359,0.796
"Presley, Alex",OF,OF,PIT,104,346,46,82,14,7,10,25,18,72,9,7,0.237,0.405,0.279,0.683
"Pridie, Jason",OF,OF,PHI,9,10,1,3,1,0,1,3,0,0,0,0,0.3,0.7,0.3,1
"Profar, Jurickson",2B,2B,TEX,9,17,2,3,2,0,1,2,0,4,0,0,0.176,0.471,0.176,0.647
"Pujols, Albert",1B/DH,1B,LAA,154,607,85,173,50,0,30,105,52,76,8,1,0.285,0.516,0.343,0.859
"Punto, Nick",3B/2B,3B,LAD,87,160,20,35,7,0,1,10,25,42,6,0,0.219,0.281,0.321,0.602
"Quentin, Carlos",OF,OF,SD,86,284,44,74,21,0,16,46,36,41,0,1,0.261,0.504,0.374,0.877
"Quintanilla, Omar",2B/SS,2B,BAL,65,169,25,41,8,0,4,16,16,42,0,1,0.243,0.361,0.312,0.673
"Quintero, Humberto",C,C,MIL,43,138,7,32,12,0,1,19,4,28,0,1,0.232,0.341,0.257,0.598
"Quiroz, Guillermo",C,C,SEA,2,2,0,0,0,0,0,0,0,1,0,0,0,0,0,0
"Raburn, Ryan",OF/2B,OF,DET,66,205,14,35,14,0,1,12,13,53,1,1,0.171,0.254,0.226,0.48
"Ramirez, Alexei",SS,SS,CHW,158,593,59,157,24,4,9,73,16,77,20,7,0.265,0.364,0.287,0.651
"Ramirez, Aramis",3B,3B,MIL,149,570,92,171,50,3,27,104,44,82,9,2,0.3,0.54,0.36,0.901
"Ramirez, Hanley",3B/SS,3B,LAD,157,604,79,155,29,4,24,92,54,132,21,7,0.257,0.437,0.322,0.759
"Ramos, Wilson",C,C,WSH,25,83,11,22,2,0,3,10,12,19,0,0,0.265,0.398,0.354,0.752
"Ransom, Cody",SS/3B,SS,AZ,90,246,29,54,14,0,11,42,30,109,0,1,0.22,0.411,0.312,0.722
"Rasmus, Colby",OF,OF,TOR,151,565,75,126,21,5,23,75,47,149,4,3,0.223,0.4,0.289,0.689
"Recker, Anthony",C,C,CHC,22,49,4,7,2,0,1,4,6,15,0,0,0.143,0.245,0.263,0.508
"Reddick, Josh",OF,OF,OAK,156,611,85,148,29,5,32,85,55,151,11,1,0.242,0.463,0.305,0.768
"Reimold, Nolan",OF,OF,BAL,16,67,10,21,6,0,5,10,2,14,1,0,0.313,0.627,0.333,0.96
"Repko, Jason",OF,OF,BOS,5,11,0,1,0,0,0,0,0,4,0,0,0.091,0.091,0.091,0.182
"Revere, Ben",OF,OF,MIN,124,511,70,150,13,6,0,32,29,54,40,9,0.294,0.342,0.333,0.675
"Reyes, Jose",SS,SS,MIA,160,642,86,184,37,12,11,57,63,56,40,11,0.287,0.433,0.347,0.78
"Reynolds, Mark",1B,1B,BAL,135,457,65,101,26,0,23,69,73,159,1,3,0.221,0.429,0.335,0.763
"Rhymes, Will",2B,2B,TB,47,123,11,28,2,1,1,8,10,17,1,2,0.228,0.285,0.299,0.584
"Rios, Alex",OF,OF,CHW,157,605,93,184,37,8,25,91,26,92,23,6,0.304,0.516,0.334,0.85
"Rivera, Juan",1B/OF,1B,LAD,109,312,30,76,14,0,9,47,18,35,1,3,0.244,0.375,0.286,0.661
"Rizzo, Anthony",1B,1B,CHC,87,337,44,96,15,0,15,48,27,62,3,2,0.285,0.463,0.342,0.805
"Roberts, Brian",2B,2B,BAL,17,66,2,12,0,0,0,5,5,12,1,1,0.182,0.182,0.233,0.415
"Roberts, Ryan",3B/2B,3B,TB,143,439,51,103,19,0,12,52,40,92,10,6,0.235,0.36,0.296,0.656
"Robinson, Clint",1B,1B,KC,4,4,0,0,0,0,0,0,0,2,0,0,0,0,0,0
"Robinson, Shane",OF,OF,STL,102,166,20,42,8,0,3,16,14,32,1,0,0.253,0.355,0.309,0.665
"Robinson, Trayvon",OF,OF,SEA,46,145,16,32,4,1,3,12,14,43,6,3,0.221,0.324,0.294,0.618
"Rodriguez, Alex",3B/DH,3B,NYY,122,463,74,126,17,1,18,57,51,116,13,1,0.272,0.43,0.353,0.783
"Rodriguez, Eddy",C,C,CIN,2,5,1,1,0,0,1,1,2,3,0,0,0.2,0.8,0.429,1.229
"Rodriguez, Henry",2B,2B,CIN,12,14,0,3,1,0,0,2,2,2,0,0,0.214,0.286,0.313,0.598
"Rodriguez, Sean",3B/2B/SS,3B,TB,112,301,36,64,14,1,6,32,27,75,5,0,0.213,0.326,0.281,0.607
"Rolen, Scott",3B,3B,CIN,92,294,26,72,17,2,8,39,30,62,2,1,0.245,0.398,0.318,0.716
"Rollins, Jimmy",SS,SS,PHI,156,632,102,158,33,5,23,68,62,96,30,5,0.25,0.427,0.316,0.743
"Romine, Andrew",SS,SS,LAA,12,17,2,7,0,0,0,1,3,3,1,0,0.412,0.412,0.5,0.912
"Rosales, Adam",2B,2B,OAK,42,99,12,22,5,0,2,8,11,24,0,0,0.222,0.333,0.297,0.631
"Rosario, Wilin",C,C,COL,117,396,67,107,19,0,28,71,25,99,4,5,0.27,0.53,0.312,0.843
"Ross, Cody",OF,OF,BOS,130,476,70,127,34,1,22,81,42,129,2,3,0.267,0.481,0.326,0.807
"Ross, David",C,C,ATL,62,176,18,45,7,0,9,23,18,60,1,0,0.256,0.449,0.321,0.77
"Rottino, Vinny",OF,OF,CLE,36,61,12,9,2,0,3,7,7,17,4,0,0.148,0.328,0.232,0.56
"Ruf, Darin",OF,OF,PHI,12,33,4,11,2,1,3,10,2,12,0,0,0.333,0.727,0.351,1.079
"Ruggiano, Justin",OF,OF,HOU,91,288,38,90,23,1,13,36,29,84,14,8,0.313,0.535,0.374,0.909
"Ruiz, Carlos",C,C,PHI,114,372,56,121,32,0,16,68,29,50,4,0,0.325,0.54,0.394,0.935
"Rutledge, Josh",SS,SS,COL,73,277,37,76,20,5,8,37,9,54,7,0,0.274,0.469,0.306,0.775
"Ryan, Brendan",SS,SS,SEA,141,407,42,79,19,3,3,31,44,98,11,5,0.194,0.278,0.277,0.555
"Saltalamacchia, Jarrod",C,C,BOS,121,405,55,90,17,1,25,59,38,139,0,1,0.222,0.454,0.288,0.742
"Sanchez, Gaby",1B,1B,PIT,105,299,30,65,16,0,7,30,25,56,1,0,0.217,0.341,0.279,0.62
"Sanchez, Hector",C,C,SF,74,218,22,61,15,0,3,34,5,52,0,0,0.28,0.39,0.295,0.685
"Sandoval, Pablo",3B,3B,SF,108,396,59,112,25,2,12,63,38,59,1,1,0.283,0.447,0.342,0.789
"Sands, Jerry",OF,OF,BOS,9,23,2,4,2,0,0,1,1,9,0,0,0.174,0.261,0.208,0.469
"Santana, Carlos",C/1B/DH,C,CLE,143,507,72,128,27,2,18,76,91,101,3,5,0.252,0.42,0.365,0.785
"Santiago, Ramon",2B/SS,2B,DET,93,228,19,47,7,1,2,17,20,39,1,0,0.206,0.272,0.283,0.555
"Santos, Omir",C,C,COL,3,8,0,1,0,0,0,1,0,1,0,0,0.125,0.125,0.111,0.236
"Sappelt, Dave",OF,OF,CHC,26,69,8,19,6,0,2,8,7,9,0,0,0.275,0.449,0.351,0.8
"Satin, Josh",1B,1B,NYM,1,1,0,0,0,0,0,0,0,1,0,0,0,0,0,0
"Saunders, Michael",OF,OF,SEA,139,507,71,125,31,3,19,57,43,132,21,4,0.247,0.432,0.306,0.738
"Schafer, Jordan",OF,OF,HOU,106,313,40,66,10,2,4,23,36,106,27,9,0.211,0.294,0.297,0.591
"Schafer, Logan",OF,OF,MIL,16,23,3,7,1,2,0,5,1,3,0,1,0.304,0.522,0.32,0.842
"Schierholtz, Nate",OF,OF,PHI,114,241,20,62,8,5,6,21,23,46,3,2,0.257,0.407,0.321,0.728
"Schmidt, Konrad",C,C,AZ,4,7,1,0,0,0,0,2,1,2,0,0,0,0,0.125,0.125
"Schneider, Brian",C,C,PHI,34,89,9,20,5,0,2,7,5,15,0,0,0.225,0.348,0.289,0.637
"Schumaker, Skip",2B/OF,2B,STL,107,272,37,75,14,4,1,28,27,50,1,1,0.276,0.368,0.339,0.707
"Scott, Luke",DH,DH,TB,96,314,35,72,22,1,14,55,21,80,5,0,0.229,0.439,0.285,0.724
"Scutaro, Marco",2B/SS,2B,SF,156,620,87,190,32,4,7,74,40,49,9,4,0.306,0.405,0.348,0.753
"Seager, Kyle",3B,3B,SEA,155,594,62,154,35,1,20,86,46,110,13,5,0.259,0.423,0.316,0.738
"Segura, Jean",SS,SS,MIL,45,151,19,39,4,3,0,14,13,23,7,1,0.258,0.325,0.315,0.64
"Sellers, Justin",SS,SS,LAD,19,44,6,9,3,1,1,2,5,14,0,0,0.205,0.386,0.286,0.672
"Shoppach, Kelly",C,C,NYM,76,219,23,51,14,2,8,27,16,89,1,0,0.233,0.425,0.309,0.733
"Sierra, Moises",OF,OF,TOR,49,147,14,33,4,0,6,15,8,44,1,0,0.224,0.374,0.274,0.648
"Simmons, Andrelton",SS,SS,ATL,49,166,17,48,8,2,3,19,12,21,1,0,0.289,0.416,0.335,0.751
"Smith, Seth",OF/DH,OF,OAK,125,383,55,92,23,2,14,52,50,98,2,2,0.24,0.42,0.333,0.754
"Smoak, Justin",1B,1B,SEA,132,483,49,105,14,0,19,51,49,111,1,0,0.217,0.364,0.29,0.654
"Snider, Travis",OF,OF,PIT,60,164,23,41,7,1,4,17,17,48,2,0,0.25,0.378,0.319,0.697
"Snyder, Brandon",1B,1B,TEX,40,65,11,18,2,0,3,9,3,26,0,0,0.277,0.446,0.309,0.755
"Snyder, Chris",C,C,HOU,76,221,23,39,8,0,7,24,33,70,0,0,0.176,0.308,0.295,0.602
"Sogard, Eric",SS,SS,OAK,37,102,8,17,3,1,2,7,5,17,2,0,0.167,0.275,0.206,0.48
"Solano, Donovan",2B,2B,STL,93,285,29,84,11,3,2,28,21,58,7,0,0.295,0.375,0.342,0.717
"Solano, Jhonatan",C,C,WSH,12,35,6,11,3,0,2,6,2,5,1,0,0.314,0.571,0.351,0.923
"Solis, Ali",C,C,SD,5,4,0,0,0,0,0,0,0,2,0,0,0,0,0,0
"Soriano, Alfonso",OF,OF,CHC,151,561,68,147,33,2,32,108,44,153,6,2,0.262,0.499,0.322,0.821
"Soto, Geovany",C,C,TEX,99,324,45,64,12,1,11,39,30,76,1,0,0.198,0.343,0.27,0.613
"Span, Denard",OF,OF,MIN,128,516,71,146,38,4,4,41,47,62,17,6,0.283,0.395,0.342,0.738
"Spears, Nate",OF,OF,BOS,4,4,0,0,0,0,0,0,0,3,0,0,0,0,0,0
"Stanton, Giancarlo",OF,OF,MIA,123,449,75,129,30,1,37,86,46,143,6,2,0.287,0.606,0.359,0.965
"Stewart, Chris",C,C,NYY,55,141,15,34,8,0,1,13,10,21,2,0,0.241,0.319,0.292,0.611
"Stewart, Ian",3B,3B,CHC,55,179,16,36,5,2,5,17,21,46,0,3,0.201,0.335,0.292,0.627
"Stubbs, Drew",OF,OF,CIN,136,493,75,105,13,2,14,40,42,166,30,7,0.213,0.333,0.277,0.61
"Sutton, Drew",OF,OF,PIT,42,122,12,31,12,1,1,13,6,42,0,1,0.254,0.393,0.292,0.686
"Suzuki, Ichiro",OF,OF,NYY,162,629,77,178,28,6,9,55,22,61,29,7,0.283,0.39,0.307,0.696
"Suzuki, Kurt",C,C,WSH,118,408,36,96,20,0,6,43,20,73,2,0,0.235,0.328,0.276,0.605
"Sweeney, Ryan",OF,OF,BOS,63,204,22,53,19,2,0,16,12,43,0,0,0.26,0.373,0.303,0.675
"Swisher, Nick",OF/1B,OF,NYY,148,537,75,146,36,0,24,93,77,141,2,3,0.272,0.473,0.364,0.837
"Tabata, Jose",OF,OF,PIT,103,333,43,81,20,3,3,16,29,58,8,12,0.243,0.348,0.315,0.664
"Taylor, Michael",OF,OF,OAK,6,21,2,3,1,0,0,0,0,10,0,0,0.143,0.19,0.143,0.333
"Teagarden, Taylor",C,C,BAL,22,57,4,9,3,0,2,9,5,23,0,0,0.158,0.316,0.226,0.542
"Teixeira, Mark",1B,1B,NYY,123,451,66,113,27,1,24,84,54,83,2,1,0.251,0.475,0.332,0.807
"Tejada, Ruben",SS,SS,NYM,114,464,53,134,26,0,1,25,27,73,4,4,0.289,0.351,0.333,0.685
"Tekotte, Blake",OF,OF,SD,11,15,0,2,0,0,0,0,0,4,1,0,0.133,0.133,0.133,0.267
"Thames, Eric",OF,OF,SEA,86,271,27,63,12,3,9,25,15,87,1,1,0.232,0.399,0.273,0.672
"Theriot, Ryan",2B,2B,SF,104,352,45,95,16,1,0,28,24,47,13,5,0.27,0.321,0.316,0.637
"Thole, Josh",C,C,NYM,104,321,24,75,15,0,1,21,27,50,0,0,0.234,0.29,0.294,0.584
"Thomas, Clete",OF,OF,MIN,15,28,3,4,1,0,1,4,0,16,0,0,0.143,0.286,0.172,0.458
"Thome, Jim",DH,DH,BAL,58,163,17,41,7,0,8,25,22,61,0,0,0.252,0.442,0.344,0.786
"Thompson, Rich",OF,OF,TB,23,22,5,2,0,0,0,1,0,5,6,2,0.091,0.091,0.167,0.258
"Tolleson, Steve",3B,3B,BAL,29,71,4,13,3,0,2,6,4,17,1,0,0.183,0.31,0.227,0.537
"Torrealba, Yorvit",C,C,MIL,64,194,19,44,8,0,4,14,17,40,1,1,0.227,0.33,0.293,0.623
"Torres, Andres",OF,OF,NYM,132,374,47,86,17,7,3,35,52,90,13,5,0.23,0.337,0.327,0.664
"Tracy, Chad",1B,1B,WSH,73,93,7,25,7,0,3,14,10,15,0,0,0.269,0.441,0.343,0.784
"Treanor, Matt",C,C,LAD,36,103,11,18,3,1,2,10,14,29,1,1,0.175,0.282,0.281,0.563
"Triunfel, Carlos",SS,SS,SEA,10,22,2,5,2,0,0,3,1,4,0,0,0.227,0.318,0.261,0.579
"Trout, Mike",OF,OF,LAA,139,559,129,182,27,8,30,83,67,139,49,5,0.326,0.564,0.399,0.963
"Trumbo, Mark",OF/1B/DH,OF,LAA,144,544,66,146,19,3,32,95,36,153,4,5,0.268,0.491,0.317,0.808
"Tulowitzki, Troy",SS,SS,COL,47,181,33,52,8,2,8,27,19,19,2,2,0.287,0.486,0.36,0.846
"Turner, Justin",2B,2B,NYM,94,171,20,46,13,1,2,19,9,24,1,1,0.269,0.392,0.319,0.711
"Uggla, Dan",2B,2B,ATL,154,523,86,115,29,0,19,78,94,168,4,3,0.22,0.384,0.348,0.732
"Upton, B.J.",OF,OF,TB,146,573,79,141,29,3,28,78,45,169,31,6,0.246,0.454,0.298,0.752
"Upton, Justin",OF,OF,AZ,150,554,107,155,24,4,17,67,63,121,18,8,0.28,0.43,0.355,0.785
"Uribe, Juan",3B,3B,LAD,66,162,15,31,9,0,2,17,13,37,0,1,0.191,0.284,0.258,0.542
"Utley, Chase",2B,2B,PHI,83,301,48,77,15,2,11,45,43,43,11,1,0.256,0.429,0.365,0.793
"Valbuena, Luis",3B,3B,CHC,90,265,26,58,20,0,4,28,36,55,0,2,0.219,0.34,0.31,0.65
"Valdespin, Jordany",OF,OF,NYM,94,191,28,46,9,1,8,26,10,44,10,3,0.241,0.424,0.286,0.71
"Valdez, Wilson",SS/2B,SS,CIN,77,194,15,40,4,0,0,15,8,36,3,1,0.206,0.227,0.236,0.463
"Valencia, Danny",3B,3B,BOS,44,154,14,29,6,1,3,21,3,38,0,1,0.188,0.299,0.199,0.497
"Van Slyke, Scott",OF,OF,LAD,27,54,4,9,2,0,2,7,2,14,1,0,0.167,0.315,0.196,0.511
"Velazquez, Gil",3B,3B,FA,19,56,2,13,1,0,0,2,1,11,0,0,0.232,0.25,0.246,0.496
"Venable, Will",OF,OF,SD,148,417,62,110,26,8,9,45,41,94,24,6,0.264,0.429,0.335,0.765
"Viciedo, Dayan",OF,OF,CHW,147,505,64,129,18,1,25,78,28,120,0,2,0.255,0.444,0.3,0.744
"Victorino, Shane",OF,OF,LAD,154,595,72,152,29,7,11,55,53,80,39,6,0.255,0.383,0.321,0.704
"Vitters, Josh",3B,3B,CHC,36,99,7,12,2,0,2,5,7,33,2,0,0.121,0.202,0.193,0.395
"Vizquel, Omar",2B,2B,TOR,60,153,13,36,5,1,0,7,7,17,3,2,0.235,0.281,0.265,0.546
"Vogt, Stephen",C,C,TB,18,25,0,0,0,0,0,0,2,2,0,0,0,0,0.074,0.074
"Votto, Joey",1B,1B,CIN,111,374,59,126,44,0,14,56,94,85,5,3,0.337,0.567,0.474,1.041
"Walker, Neil",2B,2B,PIT,129,472,62,132,27,0,14,69,47,104,7,5,0.28,0.426,0.342,0.768
"Wallace, Brett",1B,1B,HOU,66,229,24,58,10,1,9,24,18,73,0,1,0.253,0.424,0.323,0.746
"Weeks, Jemile",2B,2B,OAK,118,444,54,98,15,8,2,20,50,70,16,5,0.221,0.304,0.305,0.609
"Weeks, Rickie",2B,2B,MIL,157,588,85,135,29,4,21,63,74,169,16,3,0.23,0.4,0.328,0.728
"Wells, Casper",OF,OF,SEA,93,285,42,65,12,3,10,36,26,80,3,0,0.228,0.396,0.302,0.698
"Wells, Vernon",OF,OF,LAA,77,243,36,56,9,0,11,29,16,35,3,1,0.23,0.403,0.279,0.682
"Werth, Jayson",OF,OF,WSH,81,300,42,90,21,3,5,31,42,57,8,2,0.3,0.44,0.387,0.827
"Wheeler, Ryan",3B,3B,AZ,50,109,11,26,6,1,1,10,9,22,1,0,0.239,0.339,0.294,0.634
"Whiteside, Eli",C,C,SF,12,11,3,1,1,0,0,2,1,4,0,0,0.091,0.182,0.214,0.396
"Wieters, Matt",C,C,BAL,144,526,67,131,27,1,23,83,60,112,3,0,0.249,0.435,0.329,0.764
"Wigginton, Ty",1B/3B,1B,PHI,125,315,40,74,11,0,11,43,37,81,1,0,0.235,0.375,0.314,0.688
"Willingham, Josh",OF/DH,OF,MIN,145,519,85,135,30,1,35,110,76,141,3,2,0.26,0.524,0.366,0.89
"Wilson, Bobby",C,C,LAA,75,171,19,36,5,0,3,13,15,33,0,0,0.211,0.292,0.277,0.569
"Wilson, Jack",SS,SS,FA,40,71,4,12,1,1,0,4,2,12,0,0,0.169,0.211,0.189,0.4
"Wise, Dewayne",OF,OF,CHW,99,221,30,56,8,2,8,28,11,52,19,4,0.253,0.416,0.288,0.704
"Worth, Danny",2B,2B,DET,43,74,9,16,3,0,0,3,13,23,0,0,0.216,0.257,0.33,0.586
"Wright, David",3B,3B,NYM,156,581,91,178,41,2,21,93,81,112,15,10,0.306,0.492,0.391,0.883
"Youkilis, Kevin",3B/1B,3B,CHW,122,438,72,103,15,2,19,60,51,108,0,0,0.235,0.409,0.336,0.745
"Young, Chris",OF,OF,AZ,101,325,36,75,24,0,14,41,36,79,8,3,0.231,0.434,0.311,0.745
"Young, Delmon",DH/OF,DH,DET,151,574,54,153,27,1,18,74,20,112,0,2,0.267,0.411,0.296,0.707
"Young, Matt",OF,OF,STL,5,10,2,1,1,0,0,1,0,9,0,0,0.1,0.2,0.182,0.382
"Young, Michael",DH/1B/3B,DH,TEX,156,611,79,169,27,3,8,67,33,70,2,2,0.277,0.37,0.312,0.682
"Young Jr., Eric",OF,OF,COL,98,174,36,55,7,2,4,15,13,31,14,2,0.316,0.448,0.377,0.825
"Zimmerman, Ryan",3B,3B,WSH,145,578,93,163,36,1,25,95,57,116,5,2,0.282,0.478,0.346,0.824
"Zobrist, Ben",OF/2B/SS,OF,TB,157,560,88,151,39,7,20,74,97,103,14,9,0.27,0.471,0.377,0.848