STUDYID,SITEID,SITENAME,DATE,TYPE,VALUE
sample,2,Site 02,1-Aug-10,Target,0
sample,2,Site 02,1-Sep-10,Target,0.013141684
sample,2,Site 02,1-Oct-10,Target,0.091991786
sample,2,Site 02,1-Nov-10,Target,0.173470226
sample,2,Site 02,1-Dec-10,Target,0.252320329
sample,2,Site 02,1-Jan-11,Target,0.333798768
sample,2,Site 02,1-Feb-11,Target,0.415277207
sample,2,Site 02,1-Mar-11,Target,0.488870637
sample,2,Site 02,1-Apr-11,Target,0.570349076
sample,2,Site 02,1-May-11,Target,0.649199179
sample,2,Site 02,1-Jun-11,Target,0.730677618
sample,2,Site 02,1-Jul-11,Target,0.809527721
sample,2,Site 02,1-Aug-11,Target,0.89100616
sample,2,Site 02,1-Sep-11,Target,0.9724846
sample,2,Site 02,1-Oct-11,Target,1.051334702
sample,2,Site 02,1-Nov-11,Target,1.132813142
sample,2,Site 02,1-Dec-11,Target,1.211663244
sample,2,Site 02,1-Jan-12,Target,1.293141684
sample,2,Site 02,1-Feb-12,Target,1.374620123
sample,2,Site 02,1-Mar-12,Target,1.450841889
sample,2,Site 02,1-Apr-12,Target,1.532320329
sample,2,Site 02,1-May-12,Target,1.611170431
sample,2,Site 02,1-Jun-12,Target,1.692648871
sample,2,Site 02,1-Jul-12,Target,1.771498973
sample,2,Site 02,1-Aug-12,Target,1.852977413
sample,2,Site 02,1-Sep-12,Target,1.934455852
sample,2,Site 02,1-Oct-12,Target,2.013305955
sample,2,Site 02,1-Nov-12,Target,2.094784394
sample,2,Site 02,1-Dec-12,Target,2.173634497
sample,2,Site 02,1-Jan-13,Target,2.255112936
sample,2,Site 02,1-Feb-13,Target,2.336591376
sample,2,Site 02,1-Mar-13,Target,2.410184805
sample,2,Site 02,1-Apr-13,Target,2.491663244
sample,2,Site 02,1-May-13,Target,2.570513347
sample,2,Site 02,1-Jun-13,Target,2.651991786
sample,2,Site 02,1-Jul-13,Target,2.730841889
sample,2,Site 02,1-Aug-13,Target,2.812320329
sample,2,Site 02,1-Sep-13,Target,2.893798768
sample,2,Site 02,1-Oct-13,Target,2.972648871
sample,2,Site 02,1-Nov-13,Target,3.05412731
sample,2,Site 02,1-Dec-13,Target,3.132977413
sample,2,Site 02,1-Jan-14,Target,3.214455852
sample,2,Site 02,1-Feb-14,Target,3.295934292
sample,2,Site 02,1-Mar-14,Target,3.369527721
sample,2,Site 02,1-Apr-14,Target,3.45100616
sample,2,Site 02,1-May-14,Target,3.529856263
sample,2,Site 02,1-Jun-14,Target,3.611334702
sample,2,Site 02,1-Jul-14,Target,3.690184805
sample,2,Site 02,1-Aug-14,Target,3.771663244
sample,2,Site 02,1-Sep-14,Target,3.853141684
sample,2,Site 02,1-Oct-14,Target,3.931991786
sample,2,Site 02,1-Nov-14,Target,4.013470226
sample,2,Site 02,1-Dec-14,Target,4.092320329
sample,2,Site 02,1-Jan-15,Target,4.173798768
sample,2,Site 02,1-Feb-15,Target,4.255277207
sample,2,Site 02,1-Mar-15,Target,4.328870637
sample,2,Site 02,1-Apr-15,Target,4.410349076
sample,2,Site 02,1-May-15,Target,4.489199179
sample,2,Site 02,1-Jun-15,Target,4.570677618
sample,2,Site 02,1-Jul-15,Target,4.649527721
sample,6,Site 06,1-Aug-10,Target,0
sample,6,Site 06,1-Sep-10,Target,0
sample,6,Site 06,1-Oct-10,Target,0
sample,6,Site 06,1-Nov-10,Target,0
sample,6,Site 06,1-Dec-10,Target,0
sample,6,Site 06,1-Jan-11,Target,0
sample,6,Site 06,1-Feb-11,Target,0
sample,6,Site 06,1-Mar-11,Target,0
sample,6,Site 06,1-Apr-11,Target,0
sample,6,Site 06,1-May-11,Target,0
sample,6,Site 06,1-Jun-11,Target,0
sample,6,Site 06,1-Jul-11,Target,0
sample,6,Site 06,1-Aug-11,Target,0
sample,6,Site 06,1-Sep-11,Target,0
sample,6,Site 06,1-Oct-11,Target,0
sample,6,Site 06,1-Nov-11,Target,0
sample,6,Site 06,1-Dec-11,Target,0
sample,6,Site 06,1-Jan-12,Target,0
sample,6,Site 06,1-Feb-12,Target,0
sample,6,Site 06,1-Mar-12,Target,0
sample,6,Site 06,1-Apr-12,Target,0
sample,6,Site 06,1-May-12,Target,0
sample,6,Site 06,1-Jun-12,Target,0
sample,6,Site 06,1-Jul-12,Target,0
sample,6,Site 06,1-Aug-12,Target,0
sample,6,Site 06,1-Sep-12,Target,0
sample,6,Site 06,1-Oct-12,Target,0
sample,6,Site 06,1-Nov-12,Target,0
sample,6,Site 06,1-Dec-12,Target,0
sample,6,Site 06,1-Jan-13,Target,0
sample,6,Site 06,1-Feb-13,Target,0
sample,6,Site 06,1-Mar-13,Target,0
sample,6,Site 06,1-Apr-13,Target,0
sample,6,Site 06,1-May-13,Target,0
sample,6,Site 06,1-Jun-13,Target,0
sample,6,Site 06,1-Jul-13,Target,0
sample,6,Site 06,1-Aug-13,Target,0
sample,6,Site 06,1-Sep-13,Target,0
sample,6,Site 06,1-Oct-13,Target,0
sample,6,Site 06,1-Nov-13,Target,0
sample,6,Site 06,1-Dec-13,Target,0
sample,6,Site 06,1-Jan-14,Target,0
sample,6,Site 06,1-Feb-14,Target,0
sample,6,Site 06,1-Mar-14,Target,0
sample,6,Site 06,1-Apr-14,Target,0
sample,6,Site 06,1-May-14,Target,0
sample,6,Site 06,1-Jun-14,Target,0
sample,6,Site 06,1-Jul-14,Target,0
sample,6,Site 06,1-Aug-14,Target,0
sample,6,Site 06,1-Sep-14,Target,0
sample,6,Site 06,1-Oct-14,Target,0
sample,6,Site 06,1-Nov-14,Target,0
sample,6,Site 06,1-Dec-14,Target,0
sample,6,Site 06,1-Jan-15,Target,0
sample,6,Site 06,1-Feb-15,Target,0
sample,6,Site 06,1-Mar-15,Target,0
sample,6,Site 06,1-Apr-15,Target,0
sample,6,Site 06,1-May-15,Target,0
sample,6,Site 06,1-Jun-15,Target,0.055195072
sample,6,Site 06,1-Jul-15,Target,0.134045175
sample,8,Site 08,1-Aug-10,Target,0
sample,8,Site 08,1-Sep-10,Target,0
sample,8,Site 08,1-Oct-10,Target,0
sample,8,Site 08,1-Nov-10,Target,0
sample,8,Site 08,1-Dec-10,Target,0
sample,8,Site 08,1-Jan-11,Target,0
sample,8,Site 08,1-Feb-11,Target,0
sample,8,Site 08,1-Mar-11,Target,0
sample,8,Site 08,1-Apr-11,Target,0
sample,8,Site 08,1-May-11,Target,0.052566735
sample,8,Site 08,1-Jun-11,Target,0.134045175
sample,8,Site 08,1-Jul-11,Target,0.212895277
sample,8,Site 08,1-Aug-11,Target,0.294373717
sample,8,Site 08,1-Sep-11,Target,0.375852156
sample,8,Site 08,1-Oct-11,Target,0.454702259
sample,8,Site 08,1-Nov-11,Target,0.536180698
sample,8,Site 08,1-Dec-11,Target,0.615030801
sample,8,Site 08,1-Jan-12,Target,0.69650924
sample,8,Site 08,1-Feb-12,Target,0.77798768
sample,8,Site 08,1-Mar-12,Target,0.854209446
sample,8,Site 08,1-Apr-12,Target,0.935687885
sample,8,Site 08,1-May-12,Target,1.014537988
sample,8,Site 08,1-Jun-12,Target,1.096016427
sample,8,Site 08,1-Jul-12,Target,1.17486653
sample,8,Site 08,1-Aug-12,Target,1.256344969
sample,8,Site 08,1-Sep-12,Target,1.337823409
sample,8,Site 08,1-Oct-12,Target,1.416673511
sample,8,Site 08,1-Nov-12,Target,1.498151951
sample,8,Site 08,1-Dec-12,Target,1.577002053
sample,8,Site 08,1-Jan-13,Target,1.658480493
sample,8,Site 08,1-Feb-13,Target,1.739958932
sample,8,Site 08,1-Mar-13,Target,1.813552361
sample,8,Site 08,1-Apr-13,Target,1.895030801
sample,8,Site 08,1-May-13,Target,1.973880904
sample,8,Site 08,1-Jun-13,Target,2.055359343
sample,8,Site 08,1-Jul-13,Target,2.134209446
sample,8,Site 08,1-Aug-13,Target,2.215687885
sample,8,Site 08,1-Sep-13,Target,2.297166324
sample,8,Site 08,1-Oct-13,Target,2.376016427
sample,8,Site 08,1-Nov-13,Target,2.457494867
sample,8,Site 08,1-Dec-13,Target,2.536344969
sample,8,Site 08,1-Jan-14,Target,2.617823409
sample,8,Site 08,1-Feb-14,Target,2.699301848
sample,8,Site 08,1-Mar-14,Target,2.772895277
sample,8,Site 08,1-Apr-14,Target,2.854373717
sample,8,Site 08,1-May-14,Target,2.933223819
sample,8,Site 08,1-Jun-14,Target,3.014702259
sample,8,Site 08,1-Jul-14,Target,3.093552361
sample,8,Site 08,1-Aug-14,Target,3.175030801
sample,8,Site 08,1-Sep-14,Target,3.25650924
sample,8,Site 08,1-Oct-14,Target,3.335359343
sample,8,Site 08,1-Nov-14,Target,3.416837782
sample,8,Site 08,1-Dec-14,Target,3.495687885
sample,8,Site 08,1-Jan-15,Target,3.577166324
sample,8,Site 08,1-Feb-15,Target,3.658644764
sample,8,Site 08,1-Mar-15,Target,3.732238193
sample,8,Site 08,1-Apr-15,Target,3.813716632
sample,8,Site 08,1-May-15,Target,3.892566735
sample,8,Site 08,1-Jun-15,Target,3.974045175
sample,8,Site 08,1-Jul-15,Target,4.052895277
sample,9,Site 09,1-Aug-10,Target,0
sample,9,Site 09,1-Sep-10,Target,0
sample,9,Site 09,1-Oct-10,Target,0.042053388
sample,9,Site 09,1-Nov-10,Target,0.123531828
sample,9,Site 09,1-Dec-10,Target,0.20238193
sample,9,Site 09,1-Jan-11,Target,0.28386037
sample,9,Site 09,1-Feb-11,Target,0.365338809
sample,9,Site 09,1-Mar-11,Target,0.438932238
sample,9,Site 09,1-Apr-11,Target,0.520410678
sample,9,Site 09,1-May-11,Target,0.59926078
sample,9,Site 09,1-Jun-11,Target,0.68073922
sample,9,Site 09,1-Jul-11,Target,0.759589322
sample,9,Site 09,1-Aug-11,Target,0.841067762
sample,9,Site 09,1-Sep-11,Target,0.922546201
sample,9,Site 09,1-Oct-11,Target,1.001396304
sample,9,Site 09,1-Nov-11,Target,1.082874743
sample,9,Site 09,1-Dec-11,Target,1.161724846
sample,9,Site 09,1-Jan-12,Target,1.243203285
sample,9,Site 09,1-Feb-12,Target,1.324681725
sample,9,Site 09,1-Mar-12,Target,1.400903491
sample,9,Site 09,1-Apr-12,Target,1.48238193
sample,9,Site 09,1-May-12,Target,1.561232033
sample,9,Site 09,1-Jun-12,Target,1.642710472
sample,9,Site 09,1-Jul-12,Target,1.721560575
sample,9,Site 09,1-Aug-12,Target,1.803039014
sample,9,Site 09,1-Sep-12,Target,1.884517454
sample,9,Site 09,1-Oct-12,Target,1.963367557
sample,9,Site 09,1-Nov-12,Target,2.044845996
sample,9,Site 09,1-Dec-12,Target,2.123696099
sample,9,Site 09,1-Jan-13,Target,2.205174538
sample,9,Site 09,1-Feb-13,Target,2.286652977
sample,9,Site 09,1-Mar-13,Target,2.360246407
sample,9,Site 09,1-Apr-13,Target,2.441724846
sample,9,Site 09,1-May-13,Target,2.520574949
sample,9,Site 09,1-Jun-13,Target,2.602053388
sample,9,Site 09,1-Jul-13,Target,2.680903491
sample,9,Site 09,1-Aug-13,Target,2.76238193
sample,9,Site 09,1-Sep-13,Target,2.84386037
sample,9,Site 09,1-Oct-13,Target,2.922710472
sample,9,Site 09,1-Nov-13,Target,3.004188912
sample,9,Site 09,1-Dec-13,Target,3.083039014
sample,9,Site 09,1-Jan-14,Target,3.164517454
sample,9,Site 09,1-Feb-14,Target,3.245995893
sample,9,Site 09,1-Mar-14,Target,3.319589322
sample,9,Site 09,1-Apr-14,Target,3.401067762
sample,9,Site 09,1-May-14,Target,3.479917865
sample,9,Site 09,1-Jun-14,Target,3.561396304
sample,9,Site 09,1-Jul-14,Target,3.640246407
sample,9,Site 09,1-Aug-14,Target,3.721724846
sample,9,Site 09,1-Sep-14,Target,3.803203285
sample,9,Site 09,1-Oct-14,Target,3.882053388
sample,9,Site 09,1-Nov-14,Target,3.963531828
sample,9,Site 09,1-Dec-14,Target,4.04238193
sample,9,Site 09,1-Jan-15,Target,4.12386037
sample,9,Site 09,1-Feb-15,Target,4.205338809
sample,9,Site 09,1-Mar-15,Target,4.278932238
sample,9,Site 09,1-Apr-15,Target,4.360410678
sample,9,Site 09,1-May-15,Target,4.43926078
sample,9,Site 09,1-Jun-15,Target,4.52073922
sample,9,Site 09,1-Jul-15,Target,4.599589322
sample,10,Site 10,1-Aug-10,Target,0
sample,10,Site 10,1-Sep-10,Target,0
sample,10,Site 10,1-Oct-10,Target,0.055195072
sample,10,Site 10,1-Nov-10,Target,0.136673511
sample,10,Site 10,1-Dec-10,Target,0.215523614
sample,10,Site 10,1-Jan-11,Target,0.297002053
sample,10,Site 10,1-Feb-11,Target,0.378480493
sample,10,Site 10,1-Mar-11,Target,0.452073922
sample,10,Site 10,1-Apr-11,Target,0.533552361
sample,10,Site 10,1-May-11,Target,0.612402464
sample,10,Site 10,1-Jun-11,Target,0.693880904
sample,10,Site 10,1-Jul-11,Target,0.772731006
sample,10,Site 10,1-Aug-11,Target,0.854209446
sample,10,Site 10,1-Sep-11,Target,0.935687885
sample,10,Site 10,1-Oct-11,Target,1.014537988
sample,10,Site 10,1-Nov-11,Target,1.096016427
sample,10,Site 10,1-Dec-11,Target,1.17486653
sample,10,Site 10,1-Jan-12,Target,1.256344969
sample,10,Site 10,1-Feb-12,Target,1.337823409
sample,10,Site 10,1-Mar-12,Target,1.414045175
sample,10,Site 10,1-Apr-12,Target,1.495523614
sample,10,Site 10,1-May-12,Target,1.574373717
sample,10,Site 10,1-Jun-12,Target,1.655852156
sample,10,Site 10,1-Jul-12,Target,1.734702259
sample,10,Site 10,1-Aug-12,Target,1.816180698
sample,10,Site 10,1-Sep-12,Target,1.897659138
sample,10,Site 10,1-Oct-12,Target,1.97650924
sample,10,Site 10,1-Nov-12,Target,2.05798768
sample,10,Site 10,1-Dec-12,Target,2.136837782
sample,10,Site 10,1-Jan-13,Target,2.218316222
sample,10,Site 10,1-Feb-13,Target,2.299794661
sample,10,Site 10,1-Mar-13,Target,2.37338809
sample,10,Site 10,1-Apr-13,Target,2.45486653
sample,10,Site 10,1-May-13,Target,2.533716632
sample,10,Site 10,1-Jun-13,Target,2.615195072
sample,10,Site 10,1-Jul-13,Target,2.694045175
sample,10,Site 10,1-Aug-13,Target,2.775523614
sample,10,Site 10,1-Sep-13,Target,2.857002053
sample,10,Site 10,1-Oct-13,Target,2.935852156
sample,10,Site 10,1-Nov-13,Target,3.017330596
sample,10,Site 10,1-Dec-13,Target,3.096180698
sample,10,Site 10,1-Jan-14,Target,3.177659138
sample,10,Site 10,1-Feb-14,Target,3.259137577
sample,10,Site 10,1-Mar-14,Target,3.332731006
sample,10,Site 10,1-Apr-14,Target,3.414209446
sample,10,Site 10,1-May-14,Target,3.493059548
sample,10,Site 10,1-Jun-14,Target,3.574537988
sample,10,Site 10,1-Jul-14,Target,3.65338809
sample,10,Site 10,1-Aug-14,Target,3.73486653
sample,10,Site 10,1-Sep-14,Target,3.816344969
sample,10,Site 10,1-Oct-14,Target,3.895195072
sample,10,Site 10,1-Nov-14,Target,3.976673511
sample,10,Site 10,1-Dec-14,Target,4.055523614
sample,10,Site 10,1-Jan-15,Target,4.137002053
sample,10,Site 10,1-Feb-15,Target,4.218480493
sample,10,Site 10,1-Mar-15,Target,4.292073922
sample,10,Site 10,1-Apr-15,Target,4.373552361
sample,10,Site 10,1-May-15,Target,4.452402464
sample,10,Site 10,1-Jun-15,Target,4.533880904
sample,10,Site 10,1-Jul-15,Target,4.612731006
sample,53,Site 53,1-Aug-10,Target,0
sample,53,Site 53,1-Sep-10,Target,0
sample,53,Site 53,1-Oct-10,Target,0
sample,53,Site 53,1-Nov-10,Target,0
sample,53,Site 53,1-Dec-10,Target,0
sample,53,Site 53,1-Jan-11,Target,0
sample,53,Site 53,1-Feb-11,Target,0
sample,53,Site 53,1-Mar-11,Target,0
sample,53,Site 53,1-Apr-11,Target,0
sample,53,Site 53,1-May-11,Target,0
sample,53,Site 53,1-Jun-11,Target,0
sample,53,Site 53,1-Jul-11,Target,0
sample,53,Site 53,1-Aug-11,Target,0
sample,53,Site 53,1-Sep-11,Target,0
sample,53,Site 53,1-Oct-11,Target,0
sample,53,Site 53,1-Nov-11,Target,0
sample,53,Site 53,1-Dec-11,Target,0
sample,53,Site 53,1-Jan-12,Target,0
sample,53,Site 53,1-Feb-12,Target,0
sample,53,Site 53,1-Mar-12,Target,0
sample,53,Site 53,1-Apr-12,Target,0
sample,53,Site 53,1-May-12,Target,0
sample,53,Site 53,1-Jun-12,Target,0
sample,53,Site 53,1-Jul-12,Target,0
sample,53,Site 53,1-Aug-12,Target,0
sample,53,Site 53,1-Sep-12,Target,0
sample,53,Site 53,1-Oct-12,Target,0
sample,53,Site 53,1-Nov-12,Target,0
sample,53,Site 53,1-Dec-12,Target,0
sample,53,Site 53,1-Jan-13,Target,0
sample,53,Site 53,1-Feb-13,Target,0
sample,53,Site 53,1-Mar-13,Target,0
sample,53,Site 53,1-Apr-13,Target,0
sample,53,Site 53,1-May-13,Target,0
sample,53,Site 53,1-Jun-13,Target,0
sample,53,Site 53,1-Jul-13,Target,0
sample,53,Site 53,1-Aug-13,Target,0
sample,53,Site 53,1-Sep-13,Target,0
sample,53,Site 53,1-Oct-13,Target,0
sample,53,Site 53,1-Nov-13,Target,0
sample,53,Site 53,1-Dec-13,Target,0
sample,53,Site 53,1-Jan-14,Target,0
sample,53,Site 53,1-Feb-14,Target,0
sample,53,Site 53,1-Mar-14,Target,0
sample,53,Site 53,1-Apr-14,Target,0
sample,53,Site 53,1-May-14,Target,0
sample,53,Site 53,1-Jun-14,Target,0
sample,53,Site 53,1-Jul-14,Target,0
sample,53,Site 53,1-Aug-14,Target,0
sample,53,Site 53,1-Sep-14,Target,0
sample,53,Site 53,1-Oct-14,Target,0
sample,53,Site 53,1-Nov-14,Target,0
sample,53,Site 53,1-Dec-14,Target,0
sample,53,Site 53,1-Jan-15,Target,0
sample,53,Site 53,1-Feb-15,Target,0
sample,53,Site 53,1-Mar-15,Target,0
sample,53,Site 53,1-Apr-15,Target,0
sample,53,Site 53,1-May-15,Target,0
sample,53,Site 53,1-Jun-15,Target,0.013141684
sample,53,Site 53,1-Jul-15,Target,0.091991786
sample,55,Site 55,1-Aug-10,Target,0
sample,55,Site 55,1-Sep-10,Target,0.076221766
sample,55,Site 55,1-Oct-10,Target,0.155071869
sample,55,Site 55,1-Nov-10,Target,0.236550308
sample,55,Site 55,1-Dec-10,Target,0.315400411
sample,55,Site 55,1-Jan-11,Target,0.39687885
sample,55,Site 55,1-Feb-11,Target,0.47835729
sample,55,Site 55,1-Mar-11,Target,0.551950719
sample,55,Site 55,1-Apr-11,Target,0.633429158
sample,55,Site 55,1-May-11,Target,0.712279261
sample,55,Site 55,1-Jun-11,Target,0.7937577
sample,55,Site 55,1-Jul-11,Target,0.872607803
sample,55,Site 55,1-Aug-11,Target,0.954086242
sample,55,Site 55,1-Sep-11,Target,1.035564682
sample,55,Site 55,1-Oct-11,Target,1.114414784
sample,55,Site 55,1-Nov-11,Target,1.195893224
sample,55,Site 55,1-Dec-11,Target,1.274743327
sample,55,Site 55,1-Jan-12,Target,1.356221766
sample,55,Site 55,1-Feb-12,Target,1.437700205
sample,55,Site 55,1-Mar-12,Target,1.513921971
sample,55,Site 55,1-Apr-12,Target,1.595400411
sample,55,Site 55,1-May-12,Target,1.674250513
sample,55,Site 55,1-Jun-12,Target,1.755728953
sample,55,Site 55,1-Jul-12,Target,1.834579055
sample,55,Site 55,1-Aug-12,Target,1.916057495
sample,55,Site 55,1-Sep-12,Target,1.997535934
sample,55,Site 55,1-Oct-12,Target,2.076386037
sample,55,Site 55,1-Nov-12,Target,2.157864476
sample,55,Site 55,1-Dec-12,Target,2.236714579
sample,55,Site 55,1-Jan-13,Target,2.318193019
sample,55,Site 55,1-Feb-13,Target,2.399671458
sample,55,Site 55,1-Mar-13,Target,2.473264887
sample,55,Site 55,1-Apr-13,Target,2.554743327
sample,55,Site 55,1-May-13,Target,2.633593429
sample,55,Site 55,1-Jun-13,Target,2.715071869
sample,55,Site 55,1-Jul-13,Target,2.793921971
sample,55,Site 55,1-Aug-13,Target,2.875400411
sample,55,Site 55,1-Sep-13,Target,2.95687885
sample,55,Site 55,1-Oct-13,Target,3.035728953
sample,55,Site 55,1-Nov-13,Target,3.117207392
sample,55,Site 55,1-Dec-13,Target,3.196057495
sample,55,Site 55,1-Jan-14,Target,3.277535934
sample,55,Site 55,1-Feb-14,Target,3.359014374
sample,55,Site 55,1-Mar-14,Target,3.432607803
sample,55,Site 55,1-Apr-14,Target,3.514086242
sample,55,Site 55,1-May-14,Target,3.592936345
sample,55,Site 55,1-Jun-14,Target,3.674414784
sample,55,Site 55,1-Jul-14,Target,3.753264887
sample,55,Site 55,1-Aug-14,Target,3.834743327
sample,55,Site 55,1-Sep-14,Target,3.916221766
sample,55,Site 55,1-Oct-14,Target,3.995071869
sample,55,Site 55,1-Nov-14,Target,4.076550308
sample,55,Site 55,1-Dec-14,Target,4.155400411
sample,55,Site 55,1-Jan-15,Target,4.23687885
sample,55,Site 55,1-Feb-15,Target,4.31835729
sample,55,Site 55,1-Mar-15,Target,4.391950719
sample,55,Site 55,1-Apr-15,Target,4.473429158
sample,55,Site 55,1-May-15,Target,4.552279261
sample,55,Site 55,1-Jun-15,Target,4.6337577
sample,55,Site 55,1-Jul-15,Target,4.712607803
sample,60,Site 60,1-Aug-10,Target,0
sample,60,Site 60,1-Sep-10,Target,0
sample,60,Site 60,1-Oct-10,Target,0
sample,60,Site 60,1-Nov-10,Target,0
sample,60,Site 60,1-Dec-10,Target,0
sample,60,Site 60,1-Jan-11,Target,0
sample,60,Site 60,1-Feb-11,Target,0
sample,60,Site 60,1-Mar-11,Target,0
sample,60,Site 60,1-Apr-11,Target,0
sample,60,Site 60,1-May-11,Target,0
sample,60,Site 60,1-Jun-11,Target,0
sample,60,Site 60,1-Jul-11,Target,0
sample,60,Site 60,1-Aug-11,Target,0
sample,60,Site 60,1-Sep-11,Target,0
sample,60,Site 60,1-Oct-11,Target,0
sample,60,Site 60,1-Nov-11,Target,0
sample,60,Site 60,1-Dec-11,Target,0
sample,60,Site 60,1-Jan-12,Target,0
sample,60,Site 60,1-Feb-12,Target,0
sample,60,Site 60,1-Mar-12,Target,0
sample,60,Site 60,1-Apr-12,Target,0
sample,60,Site 60,1-May-12,Target,0
sample,60,Site 60,1-Jun-12,Target,0
sample,60,Site 60,1-Jul-12,Target,0
sample,60,Site 60,1-Aug-12,Target,0
sample,60,Site 60,1-Sep-12,Target,0
sample,60,Site 60,1-Oct-12,Target,0
sample,60,Site 60,1-Nov-12,Target,0
sample,60,Site 60,1-Dec-12,Target,0
sample,60,Site 60,1-Jan-13,Target,0
sample,60,Site 60,1-Feb-13,Target,0
sample,60,Site 60,1-Mar-13,Target,0
sample,60,Site 60,1-Apr-13,Target,0
sample,60,Site 60,1-May-13,Target,0
sample,60,Site 60,1-Jun-13,Target,0
sample,60,Site 60,1-Jul-13,Target,0
sample,60,Site 60,1-Aug-13,Target,0.036796715
sample,60,Site 60,1-Sep-13,Target,0.118275154
sample,60,Site 60,1-Oct-13,Target,0.197125257
sample,60,Site 60,1-Nov-13,Target,0.278603696
sample,60,Site 60,1-Dec-13,Target,0.357453799
sample,60,Site 60,1-Jan-14,Target,0.438932238
sample,60,Site 60,1-Feb-14,Target,0.520410678
sample,60,Site 60,1-Mar-14,Target,0.594004107
sample,60,Site 60,1-Apr-14,Target,0.675482546
sample,60,Site 60,1-May-14,Target,0.754332649
sample,60,Site 60,1-Jun-14,Target,0.835811088
sample,60,Site 60,1-Jul-14,Target,0.914661191
sample,60,Site 60,1-Aug-14,Target,0.99613963
sample,60,Site 60,1-Sep-14,Target,1.07761807
sample,60,Site 60,1-Oct-14,Target,1.156468173
sample,60,Site 60,1-Nov-14,Target,1.237946612
sample,60,Site 60,1-Dec-14,Target,1.316796715
sample,60,Site 60,1-Jan-15,Target,1.398275154
sample,60,Site 60,1-Feb-15,Target,1.479753593
sample,60,Site 60,1-Mar-15,Target,1.553347023
sample,60,Site 60,1-Apr-15,Target,1.634825462
sample,60,Site 60,1-May-15,Target,1.713675565
sample,60,Site 60,1-Jun-15,Target,1.795154004
sample,60,Site 60,1-Jul-15,Target,1.874004107
sample,65,Site 65,1-Aug-10,Target,0
sample,65,Site 65,1-Sep-10,Target,0
sample,65,Site 65,1-Oct-10,Target,0
sample,65,Site 65,1-Nov-10,Target,0
sample,65,Site 65,1-Dec-10,Target,0
sample,65,Site 65,1-Jan-11,Target,0
sample,65,Site 65,1-Feb-11,Target,0
sample,65,Site 65,1-Mar-11,Target,0
sample,65,Site 65,1-Apr-11,Target,0
sample,65,Site 65,1-May-11,Target,0
sample,65,Site 65,1-Jun-11,Target,0
sample,65,Site 65,1-Jul-11,Target,0
sample,65,Site 65,1-Aug-11,Target,0
sample,65,Site 65,1-Sep-11,Target,0
sample,65,Site 65,1-Oct-11,Target,0
sample,65,Site 65,1-Nov-11,Target,0
sample,65,Site 65,1-Dec-11,Target,0
sample,65,Site 65,1-Jan-12,Target,0
sample,65,Site 65,1-Feb-12,Target,0
sample,65,Site 65,1-Mar-12,Target,0
sample,65,Site 65,1-Apr-12,Target,0
sample,65,Site 65,1-May-12,Target,0
sample,65,Site 65,1-Jun-12,Target,0
sample,65,Site 65,1-Jul-12,Target,0
sample,65,Site 65,1-Aug-12,Target,0
sample,65,Site 65,1-Sep-12,Target,0
sample,65,Site 65,1-Oct-12,Target,0
sample,65,Site 65,1-Nov-12,Target,0
sample,65,Site 65,1-Dec-12,Target,0
sample,65,Site 65,1-Jan-13,Target,0
sample,65,Site 65,1-Feb-13,Target,0
sample,65,Site 65,1-Mar-13,Target,0
sample,65,Site 65,1-Apr-13,Target,0
sample,65,Site 65,1-May-13,Target,0
sample,65,Site 65,1-Jun-13,Target,0
sample,65,Site 65,1-Jul-13,Target,0
sample,65,Site 65,1-Aug-13,Target,0
sample,65,Site 65,1-Sep-13,Target,0
sample,65,Site 65,1-Oct-13,Target,0
sample,65,Site 65,1-Nov-13,Target,0
sample,65,Site 65,1-Dec-13,Target,0
sample,65,Site 65,1-Jan-14,Target,0
sample,65,Site 65,1-Feb-14,Target,0
sample,65,Site 65,1-Mar-14,Target,0
sample,65,Site 65,1-Apr-14,Target,0
sample,65,Site 65,1-May-14,Target,0
sample,65,Site 65,1-Jun-14,Target,0
sample,65,Site 65,1-Jul-14,Target,0
sample,65,Site 65,1-Aug-14,Target,0
sample,65,Site 65,1-Sep-14,Target,0
sample,65,Site 65,1-Oct-14,Target,0
sample,65,Site 65,1-Nov-14,Target,0
sample,65,Site 65,1-Dec-14,Target,0
sample,65,Site 65,1-Jan-15,Target,0
sample,65,Site 65,1-Feb-15,Target,0
sample,65,Site 65,1-Mar-15,Target,0
sample,65,Site 65,1-Apr-15,Target,0
sample,65,Site 65,1-May-15,Target,0.063080082
sample,65,Site 65,1-Jun-15,Target,0.144558522
sample,65,Site 65,1-Jul-15,Target,0.223408624
sample,68,Site 68,1-Aug-10,Target,0
sample,68,Site 68,1-Sep-10,Target,0
sample,68,Site 68,1-Oct-10,Target,0
sample,68,Site 68,1-Nov-10,Target,0
sample,68,Site 68,1-Dec-10,Target,0
sample,68,Site 68,1-Jan-11,Target,0
sample,68,Site 68,1-Feb-11,Target,0
sample,68,Site 68,1-Mar-11,Target,0
sample,68,Site 68,1-Apr-11,Target,0
sample,68,Site 68,1-May-11,Target,0
sample,68,Site 68,1-Jun-11,Target,0
sample,68,Site 68,1-Jul-11,Target,0
sample,68,Site 68,1-Aug-11,Target,0.065708419
sample,68,Site 68,1-Sep-11,Target,0.147186858
sample,68,Site 68,1-Oct-11,Target,0.226036961
sample,68,Site 68,1-Nov-11,Target,0.3075154
sample,68,Site 68,1-Dec-11,Target,0.386365503
sample,68,Site 68,1-Jan-12,Target,0.467843943
sample,68,Site 68,1-Feb-12,Target,0.549322382
sample,68,Site 68,1-Mar-12,Target,0.625544148
sample,68,Site 68,1-Apr-12,Target,0.707022587
sample,68,Site 68,1-May-12,Target,0.78587269
sample,68,Site 68,1-Jun-12,Target,0.867351129
sample,68,Site 68,1-Jul-12,Target,0.946201232
sample,68,Site 68,1-Aug-12,Target,1.027679672
sample,68,Site 68,1-Sep-12,Target,1.109158111
sample,68,Site 68,1-Oct-12,Target,1.188008214
sample,68,Site 68,1-Nov-12,Target,1.269486653
sample,68,Site 68,1-Dec-12,Target,1.348336756
sample,68,Site 68,1-Jan-13,Target,1.429815195
sample,68,Site 68,1-Feb-13,Target,1.511293635
sample,68,Site 68,1-Mar-13,Target,1.584887064
sample,68,Site 68,1-Apr-13,Target,1.666365503
sample,68,Site 68,1-May-13,Target,1.745215606
sample,68,Site 68,1-Jun-13,Target,1.826694045
sample,68,Site 68,1-Jul-13,Target,1.905544148
sample,68,Site 68,1-Aug-13,Target,1.987022587
sample,68,Site 68,1-Sep-13,Target,2.068501027
sample,68,Site 68,1-Oct-13,Target,2.147351129
sample,68,Site 68,1-Nov-13,Target,2.228829569
sample,68,Site 68,1-Dec-13,Target,2.307679672
sample,68,Site 68,1-Jan-14,Target,2.389158111
sample,68,Site 68,1-Feb-14,Target,2.47063655
sample,68,Site 68,1-Mar-14,Target,2.54422998
sample,68,Site 68,1-Apr-14,Target,2.625708419
sample,68,Site 68,1-May-14,Target,2.704558522
sample,68,Site 68,1-Jun-14,Target,2.786036961
sample,68,Site 68,1-Jul-14,Target,2.864887064
sample,68,Site 68,1-Aug-14,Target,2.946365503
sample,68,Site 68,1-Sep-14,Target,3.027843943
sample,68,Site 68,1-Oct-14,Target,3.106694045
sample,68,Site 68,1-Nov-14,Target,3.188172485
sample,68,Site 68,1-Dec-14,Target,3.267022587
sample,68,Site 68,1-Jan-15,Target,3.348501027
sample,68,Site 68,1-Feb-15,Target,3.429979466
sample,68,Site 68,1-Mar-15,Target,3.503572895
sample,68,Site 68,1-Apr-15,Target,3.585051335
sample,68,Site 68,1-May-15,Target,3.663901437
sample,68,Site 68,1-Jun-15,Target,3.745379877
sample,68,Site 68,1-Jul-15,Target,3.82422998
sample,70,Site 70,1-Aug-10,Target,0
sample,70,Site 70,1-Sep-10,Target,0
sample,70,Site 70,1-Oct-10,Target,0
sample,70,Site 70,1-Nov-10,Target,0
sample,70,Site 70,1-Dec-10,Target,0
sample,70,Site 70,1-Jan-11,Target,0.078850103
sample,70,Site 70,1-Feb-11,Target,0.160328542
sample,70,Site 70,1-Mar-11,Target,0.233921971
sample,70,Site 70,1-Apr-11,Target,0.315400411
sample,70,Site 70,1-May-11,Target,0.394250513
sample,70,Site 70,1-Jun-11,Target,0.475728953
sample,70,Site 70,1-Jul-11,Target,0.554579055
sample,70,Site 70,1-Aug-11,Target,0.636057495
sample,70,Site 70,1-Sep-11,Target,0.717535934
sample,70,Site 70,1-Oct-11,Target,0.796386037
sample,70,Site 70,1-Nov-11,Target,0.877864476
sample,70,Site 70,1-Dec-11,Target,0.956714579
sample,70,Site 70,1-Jan-12,Target,1.038193019
sample,70,Site 70,1-Feb-12,Target,1.119671458
sample,70,Site 70,1-Mar-12,Target,1.195893224
sample,70,Site 70,1-Apr-12,Target,1.277371663
sample,70,Site 70,1-May-12,Target,1.356221766
sample,70,Site 70,1-Jun-12,Target,1.437700205
sample,70,Site 70,1-Jul-12,Target,1.516550308
sample,70,Site 70,1-Aug-12,Target,1.598028747
sample,70,Site 70,1-Sep-12,Target,1.679507187
sample,70,Site 70,1-Oct-12,Target,1.75835729
sample,70,Site 70,1-Nov-12,Target,1.839835729
sample,70,Site 70,1-Dec-12,Target,1.918685832
sample,70,Site 70,1-Jan-13,Target,2.000164271
sample,70,Site 70,1-Feb-13,Target,2.081642711
sample,70,Site 70,1-Mar-13,Target,2.15523614
sample,70,Site 70,1-Apr-13,Target,2.236714579
sample,70,Site 70,1-May-13,Target,2.315564682
sample,70,Site 70,1-Jun-13,Target,2.397043121
sample,70,Site 70,1-Jul-13,Target,2.475893224
sample,70,Site 70,1-Aug-13,Target,2.557371663
sample,70,Site 70,1-Sep-13,Target,2.638850103
sample,70,Site 70,1-Oct-13,Target,2.717700205
sample,70,Site 70,1-Nov-13,Target,2.799178645
sample,70,Site 70,1-Dec-13,Target,2.878028747
sample,70,Site 70,1-Jan-14,Target,2.959507187
sample,70,Site 70,1-Feb-14,Target,3.040985626
sample,70,Site 70,1-Mar-14,Target,3.114579055
sample,70,Site 70,1-Apr-14,Target,3.196057495
sample,70,Site 70,1-May-14,Target,3.274907598
sample,70,Site 70,1-Jun-14,Target,3.356386037
sample,70,Site 70,1-Jul-14,Target,3.43523614
sample,70,Site 70,1-Aug-14,Target,3.516714579
sample,70,Site 70,1-Sep-14,Target,3.598193019
sample,70,Site 70,1-Oct-14,Target,3.677043121
sample,70,Site 70,1-Nov-14,Target,3.758521561
sample,70,Site 70,1-Dec-14,Target,3.837371663
sample,70,Site 70,1-Jan-15,Target,3.918850103
sample,70,Site 70,1-Feb-15,Target,4.000328542
sample,70,Site 70,1-Mar-15,Target,4.073921971
sample,70,Site 70,1-Apr-15,Target,4.155400411
sample,70,Site 70,1-May-15,Target,4.234250513
sample,70,Site 70,1-Jun-15,Target,4.315728953
sample,70,Site 70,1-Jul-15,Target,4.394579055
sample,77,Site 77,1-Aug-10,Target,0
sample,77,Site 77,1-Sep-10,Target,0
sample,77,Site 77,1-Oct-10,Target,0
sample,77,Site 77,1-Nov-10,Target,0
sample,77,Site 77,1-Dec-10,Target,0
sample,77,Site 77,1-Jan-11,Target,0
sample,77,Site 77,1-Feb-11,Target,0
sample,77,Site 77,1-Mar-11,Target,0
sample,77,Site 77,1-Apr-11,Target,0
sample,77,Site 77,1-May-11,Target,0
sample,77,Site 77,1-Jun-11,Target,0
sample,77,Site 77,1-Jul-11,Target,0
sample,77,Site 77,1-Aug-11,Target,0
sample,77,Site 77,1-Sep-11,Target,0
sample,77,Site 77,1-Oct-11,Target,0
sample,77,Site 77,1-Nov-11,Target,0
sample,77,Site 77,1-Dec-11,Target,0
sample,77,Site 77,1-Jan-12,Target,0
sample,77,Site 77,1-Feb-12,Target,0
sample,77,Site 77,1-Mar-12,Target,0
sample,77,Site 77,1-Apr-12,Target,0
sample,77,Site 77,1-May-12,Target,0
sample,77,Site 77,1-Jun-12,Target,0
sample,77,Site 77,1-Jul-12,Target,0
sample,77,Site 77,1-Aug-12,Target,0
sample,77,Site 77,1-Sep-12,Target,0
sample,77,Site 77,1-Oct-12,Target,0
sample,77,Site 77,1-Nov-12,Target,0
sample,77,Site 77,1-Dec-12,Target,0
sample,77,Site 77,1-Jan-13,Target,0
sample,77,Site 77,1-Feb-13,Target,0
sample,77,Site 77,1-Mar-13,Target,0
sample,77,Site 77,1-Apr-13,Target,0
sample,77,Site 77,1-May-13,Target,0
sample,77,Site 77,1-Jun-13,Target,0
sample,77,Site 77,1-Jul-13,Target,0
sample,77,Site 77,1-Aug-13,Target,0
sample,77,Site 77,1-Sep-13,Target,0
sample,77,Site 77,1-Oct-13,Target,0
sample,77,Site 77,1-Nov-13,Target,0
sample,77,Site 77,1-Dec-13,Target,0
sample,77,Site 77,1-Jan-14,Target,0
sample,77,Site 77,1-Feb-14,Target,0
sample,77,Site 77,1-Mar-14,Target,0
sample,77,Site 77,1-Apr-14,Target,0
sample,77,Site 77,1-May-14,Target,0
sample,77,Site 77,1-Jun-14,Target,0
sample,77,Site 77,1-Jul-14,Target,0
sample,77,Site 77,1-Aug-14,Target,0
sample,77,Site 77,1-Sep-14,Target,0
sample,77,Site 77,1-Oct-14,Target,0
sample,77,Site 77,1-Nov-14,Target,0
sample,77,Site 77,1-Dec-14,Target,0
sample,77,Site 77,1-Jan-15,Target,0
sample,77,Site 77,1-Feb-15,Target,0
sample,77,Site 77,1-Mar-15,Target,0
sample,77,Site 77,1-Apr-15,Target,0
sample,77,Site 77,1-May-15,Target,0.060451745
sample,77,Site 77,1-Jun-15,Target,0.141930185
sample,77,Site 77,1-Jul-15,Target,0.220780288
sample,80,Site 80,1-Aug-10,Target,0
sample,80,Site 80,1-Sep-10,Target,0
sample,80,Site 80,1-Oct-10,Target,0
sample,80,Site 80,1-Nov-10,Target,0
sample,80,Site 80,1-Dec-10,Target,0
sample,80,Site 80,1-Jan-11,Target,0
sample,80,Site 80,1-Feb-11,Target,0
sample,80,Site 80,1-Mar-11,Target,0
sample,80,Site 80,1-Apr-11,Target,0
sample,80,Site 80,1-May-11,Target,0
sample,80,Site 80,1-Jun-11,Target,0
sample,80,Site 80,1-Jul-11,Target,0
sample,80,Site 80,1-Aug-11,Target,0
sample,80,Site 80,1-Sep-11,Target,0
sample,80,Site 80,1-Oct-11,Target,0
sample,80,Site 80,1-Nov-11,Target,0
sample,80,Site 80,1-Dec-11,Target,0
sample,80,Site 80,1-Jan-12,Target,0
sample,80,Site 80,1-Feb-12,Target,0
sample,80,Site 80,1-Mar-12,Target,0
sample,80,Site 80,1-Apr-12,Target,0
sample,80,Site 80,1-May-12,Target,0
sample,80,Site 80,1-Jun-12,Target,0
sample,80,Site 80,1-Jul-12,Target,0
sample,80,Site 80,1-Aug-12,Target,0
sample,80,Site 80,1-Sep-12,Target,0
sample,80,Site 80,1-Oct-12,Target,0
sample,80,Site 80,1-Nov-12,Target,0
sample,80,Site 80,1-Dec-12,Target,0
sample,80,Site 80,1-Jan-13,Target,0
sample,80,Site 80,1-Feb-13,Target,0
sample,80,Site 80,1-Mar-13,Target,0.036796715
sample,80,Site 80,1-Apr-13,Target,0.118275154
sample,80,Site 80,1-May-13,Target,0.197125257
sample,80,Site 80,1-Jun-13,Target,0.278603696
sample,80,Site 80,1-Jul-13,Target,0.357453799
sample,80,Site 80,1-Aug-13,Target,0.438932238
sample,80,Site 80,1-Sep-13,Target,0.520410678
sample,80,Site 80,1-Oct-13,Target,0.59926078
sample,80,Site 80,1-Nov-13,Target,0.68073922
sample,80,Site 80,1-Dec-13,Target,0.759589322
sample,80,Site 80,1-Jan-14,Target,0.841067762
sample,80,Site 80,1-Feb-14,Target,0.922546201
sample,80,Site 80,1-Mar-14,Target,0.99613963
sample,80,Site 80,1-Apr-14,Target,1.07761807
sample,80,Site 80,1-May-14,Target,1.156468173
sample,80,Site 80,1-Jun-14,Target,1.237946612
sample,80,Site 80,1-Jul-14,Target,1.316796715
sample,80,Site 80,1-Aug-14,Target,1.398275154
sample,80,Site 80,1-Sep-14,Target,1.479753593
sample,80,Site 80,1-Oct-14,Target,1.558603696
sample,80,Site 80,1-Nov-14,Target,1.640082136
sample,80,Site 80,1-Dec-14,Target,1.718932238
sample,80,Site 80,1-Jan-15,Target,1.800410678
sample,80,Site 80,1-Feb-15,Target,1.881889117
sample,80,Site 80,1-Mar-15,Target,1.955482546
sample,80,Site 80,1-Apr-15,Target,2.036960986
sample,80,Site 80,1-May-15,Target,2.115811088
sample,80,Site 80,1-Jun-15,Target,2.197289528
sample,80,Site 80,1-Jul-15,Target,2.27613963
sample,81,Site 81,1-Aug-10,Target,0
sample,81,Site 81,1-Sep-10,Target,0
sample,81,Site 81,1-Oct-10,Target,0
sample,81,Site 81,1-Nov-10,Target,0
sample,81,Site 81,1-Dec-10,Target,0
sample,81,Site 81,1-Jan-11,Target,0
sample,81,Site 81,1-Feb-11,Target,0
sample,81,Site 81,1-Mar-11,Target,0
sample,81,Site 81,1-Apr-11,Target,0
sample,81,Site 81,1-May-11,Target,0
sample,81,Site 81,1-Jun-11,Target,0
sample,81,Site 81,1-Jul-11,Target,0
sample,81,Site 81,1-Aug-11,Target,0
sample,81,Site 81,1-Sep-11,Target,0
sample,81,Site 81,1-Oct-11,Target,0
sample,81,Site 81,1-Nov-11,Target,0
sample,81,Site 81,1-Dec-11,Target,0
sample,81,Site 81,1-Jan-12,Target,0
sample,81,Site 81,1-Feb-12,Target,0
sample,81,Site 81,1-Mar-12,Target,0
sample,81,Site 81,1-Apr-12,Target,0
sample,81,Site 81,1-May-12,Target,0
sample,81,Site 81,1-Jun-12,Target,0
sample,81,Site 81,1-Jul-12,Target,0
sample,81,Site 81,1-Aug-12,Target,0
sample,81,Site 81,1-Sep-12,Target,0
sample,81,Site 81,1-Oct-12,Target,0.00788501
sample,81,Site 81,1-Nov-12,Target,0.08936345
sample,81,Site 81,1-Dec-12,Target,0.168213552
sample,81,Site 81,1-Jan-13,Target,0.249691992
sample,81,Site 81,1-Feb-13,Target,0.331170431
sample,81,Site 81,1-Mar-13,Target,0.40476386
sample,81,Site 81,1-Apr-13,Target,0.4862423
sample,81,Site 81,1-May-13,Target,0.565092403
sample,81,Site 81,1-Jun-13,Target,0.646570842
sample,81,Site 81,1-Jul-13,Target,0.725420945
sample,81,Site 81,1-Aug-13,Target,0.806899384
sample,81,Site 81,1-Sep-13,Target,0.888377823
sample,81,Site 81,1-Oct-13,Target,0.967227926
sample,81,Site 81,1-Nov-13,Target,1.048706366
sample,81,Site 81,1-Dec-13,Target,1.127556468
sample,81,Site 81,1-Jan-14,Target,1.209034908
sample,81,Site 81,1-Feb-14,Target,1.290513347
sample,81,Site 81,1-Mar-14,Target,1.364106776
sample,81,Site 81,1-Apr-14,Target,1.445585216
sample,81,Site 81,1-May-14,Target,1.524435318
sample,81,Site 81,1-Jun-14,Target,1.605913758
sample,81,Site 81,1-Jul-14,Target,1.68476386
sample,81,Site 81,1-Aug-14,Target,1.7662423
sample,81,Site 81,1-Sep-14,Target,1.847720739
sample,81,Site 81,1-Oct-14,Target,1.926570842
sample,81,Site 81,1-Nov-14,Target,2.008049281
sample,81,Site 81,1-Dec-14,Target,2.086899384
sample,81,Site 81,1-Jan-15,Target,2.168377823
sample,81,Site 81,1-Feb-15,Target,2.249856263
sample,81,Site 81,1-Mar-15,Target,2.323449692
sample,81,Site 81,1-Apr-15,Target,2.404928131
sample,81,Site 81,1-May-15,Target,2.483778234
sample,81,Site 81,1-Jun-15,Target,2.565256674
sample,81,Site 81,1-Jul-15,Target,2.644106776
sample,82,Site 82,1-Aug-10,Target,0
sample,82,Site 82,1-Sep-10,Target,0
sample,82,Site 82,1-Oct-10,Target,0
sample,82,Site 82,1-Nov-10,Target,0
sample,82,Site 82,1-Dec-10,Target,0
sample,82,Site 82,1-Jan-11,Target,0
sample,82,Site 82,1-Feb-11,Target,0
sample,82,Site 82,1-Mar-11,Target,0
sample,82,Site 82,1-Apr-11,Target,0
sample,82,Site 82,1-May-11,Target,0
sample,82,Site 82,1-Jun-11,Target,0
sample,82,Site 82,1-Jul-11,Target,0
sample,82,Site 82,1-Aug-11,Target,0
sample,82,Site 82,1-Sep-11,Target,0
sample,82,Site 82,1-Oct-11,Target,0
sample,82,Site 82,1-Nov-11,Target,0
sample,82,Site 82,1-Dec-11,Target,0
sample,82,Site 82,1-Jan-12,Target,0
sample,82,Site 82,1-Feb-12,Target,0
sample,82,Site 82,1-Mar-12,Target,0
sample,82,Site 82,1-Apr-12,Target,0
sample,82,Site 82,1-May-12,Target,0
sample,82,Site 82,1-Jun-12,Target,0
sample,82,Site 82,1-Jul-12,Target,0
sample,82,Site 82,1-Aug-12,Target,0
sample,82,Site 82,1-Sep-12,Target,0
sample,82,Site 82,1-Oct-12,Target,0
sample,82,Site 82,1-Nov-12,Target,0
sample,82,Site 82,1-Dec-12,Target,0
sample,82,Site 82,1-Jan-13,Target,0
sample,82,Site 82,1-Feb-13,Target,0
sample,82,Site 82,1-Mar-13,Target,0
sample,82,Site 82,1-Apr-13,Target,0
sample,82,Site 82,1-May-13,Target,0.078850103
sample,82,Site 82,1-Jun-13,Target,0.160328542
sample,82,Site 82,1-Jul-13,Target,0.239178645
sample,82,Site 82,1-Aug-13,Target,0.320657084
sample,82,Site 82,1-Sep-13,Target,0.402135524
sample,82,Site 82,1-Oct-13,Target,0.480985626
sample,82,Site 82,1-Nov-13,Target,0.562464066
sample,82,Site 82,1-Dec-13,Target,0.641314168
sample,82,Site 82,1-Jan-14,Target,0.722792608
sample,82,Site 82,1-Feb-14,Target,0.804271047
sample,82,Site 82,1-Mar-14,Target,0.877864476
sample,82,Site 82,1-Apr-14,Target,0.959342916
sample,82,Site 82,1-May-14,Target,1.038193019
sample,82,Site 82,1-Jun-14,Target,1.119671458
sample,82,Site 82,1-Jul-14,Target,1.198521561
sample,82,Site 82,1-Aug-14,Target,1.28
sample,82,Site 82,1-Sep-14,Target,1.361478439
sample,82,Site 82,1-Oct-14,Target,1.440328542
sample,82,Site 82,1-Nov-14,Target,1.521806982
sample,82,Site 82,1-Dec-14,Target,1.600657084
sample,82,Site 82,1-Jan-15,Target,1.682135524
sample,82,Site 82,1-Feb-15,Target,1.763613963
sample,82,Site 82,1-Mar-15,Target,1.837207392
sample,82,Site 82,1-Apr-15,Target,1.918685832
sample,82,Site 82,1-May-15,Target,1.997535934
sample,82,Site 82,1-Jun-15,Target,2.079014374
sample,82,Site 82,1-Jul-15,Target,2.157864476
sample,83,Site 83,1-Aug-10,Target,0
sample,83,Site 83,1-Sep-10,Target,0
sample,83,Site 83,1-Oct-10,Target,0
sample,83,Site 83,1-Nov-10,Target,0
sample,83,Site 83,1-Dec-10,Target,0
sample,83,Site 83,1-Jan-11,Target,0
sample,83,Site 83,1-Feb-11,Target,0
sample,83,Site 83,1-Mar-11,Target,0
sample,83,Site 83,1-Apr-11,Target,0
sample,83,Site 83,1-May-11,Target,0
sample,83,Site 83,1-Jun-11,Target,0
sample,83,Site 83,1-Jul-11,Target,0
sample,83,Site 83,1-Aug-11,Target,0
sample,83,Site 83,1-Sep-11,Target,0
sample,83,Site 83,1-Oct-11,Target,0
sample,83,Site 83,1-Nov-11,Target,0
sample,83,Site 83,1-Dec-11,Target,0
sample,83,Site 83,1-Jan-12,Target,0
sample,83,Site 83,1-Feb-12,Target,0
sample,83,Site 83,1-Mar-12,Target,0
sample,83,Site 83,1-Apr-12,Target,0
sample,83,Site 83,1-May-12,Target,0
sample,83,Site 83,1-Jun-12,Target,0
sample,83,Site 83,1-Jul-12,Target,0
sample,83,Site 83,1-Aug-12,Target,0
sample,83,Site 83,1-Sep-12,Target,0
sample,83,Site 83,1-Oct-12,Target,0
sample,83,Site 83,1-Nov-12,Target,0
sample,83,Site 83,1-Dec-12,Target,0
sample,83,Site 83,1-Jan-13,Target,0
sample,83,Site 83,1-Feb-13,Target,0
sample,83,Site 83,1-Mar-13,Target,0.026283368
sample,83,Site 83,1-Apr-13,Target,0.107761807
sample,83,Site 83,1-May-13,Target,0.18661191
sample,83,Site 83,1-Jun-13,Target,0.268090349
sample,83,Site 83,1-Jul-13,Target,0.346940452
sample,83,Site 83,1-Aug-13,Target,0.428418891
sample,83,Site 83,1-Sep-13,Target,0.509897331
sample,83,Site 83,1-Oct-13,Target,0.588747433
sample,83,Site 83,1-Nov-13,Target,0.670225873
sample,83,Site 83,1-Dec-13,Target,0.749075975
sample,83,Site 83,1-Jan-14,Target,0.830554415
sample,83,Site 83,1-Feb-14,Target,0.912032854
sample,83,Site 83,1-Mar-14,Target,0.985626283
sample,83,Site 83,1-Apr-14,Target,1.067104723
sample,83,Site 83,1-May-14,Target,1.145954826
sample,83,Site 83,1-Jun-14,Target,1.227433265
sample,83,Site 83,1-Jul-14,Target,1.306283368
sample,83,Site 83,1-Aug-14,Target,1.387761807
sample,83,Site 83,1-Sep-14,Target,1.469240246
sample,83,Site 83,1-Oct-14,Target,1.548090349
sample,83,Site 83,1-Nov-14,Target,1.629568789
sample,83,Site 83,1-Dec-14,Target,1.708418891
sample,83,Site 83,1-Jan-15,Target,1.789897331
sample,83,Site 83,1-Feb-15,Target,1.87137577
sample,83,Site 83,1-Mar-15,Target,1.944969199
sample,83,Site 83,1-Apr-15,Target,2.026447639
sample,83,Site 83,1-May-15,Target,2.105297741
sample,83,Site 83,1-Jun-15,Target,2.186776181
sample,83,Site 83,1-Jul-15,Target,2.265626283
sample,84,Site 84,1-Aug-10,Target,0
sample,84,Site 84,1-Sep-10,Target,0
sample,84,Site 84,1-Oct-10,Target,0
sample,84,Site 84,1-Nov-10,Target,0
sample,84,Site 84,1-Dec-10,Target,0
sample,84,Site 84,1-Jan-11,Target,0
sample,84,Site 84,1-Feb-11,Target,0
sample,84,Site 84,1-Mar-11,Target,0
sample,84,Site 84,1-Apr-11,Target,0
sample,84,Site 84,1-May-11,Target,0
sample,84,Site 84,1-Jun-11,Target,0
sample,84,Site 84,1-Jul-11,Target,0
sample,84,Site 84,1-Aug-11,Target,0
sample,84,Site 84,1-Sep-11,Target,0
sample,84,Site 84,1-Oct-11,Target,0
sample,84,Site 84,1-Nov-11,Target,0
sample,84,Site 84,1-Dec-11,Target,0
sample,84,Site 84,1-Jan-12,Target,0
sample,84,Site 84,1-Feb-12,Target,0
sample,84,Site 84,1-Mar-12,Target,0
sample,84,Site 84,1-Apr-12,Target,0
sample,84,Site 84,1-May-12,Target,0
sample,84,Site 84,1-Jun-12,Target,0
sample,84,Site 84,1-Jul-12,Target,0
sample,84,Site 84,1-Aug-12,Target,0
sample,84,Site 84,1-Sep-12,Target,0
sample,84,Site 84,1-Oct-12,Target,0
sample,84,Site 84,1-Nov-12,Target,0
sample,84,Site 84,1-Dec-12,Target,0
sample,84,Site 84,1-Jan-13,Target,0
sample,84,Site 84,1-Feb-13,Target,0
sample,84,Site 84,1-Mar-13,Target,0
sample,84,Site 84,1-Apr-13,Target,0
sample,84,Site 84,1-May-13,Target,0
sample,84,Site 84,1-Jun-13,Target,0
sample,84,Site 84,1-Jul-13,Target,0
sample,84,Site 84,1-Aug-13,Target,0
sample,84,Site 84,1-Sep-13,Target,0
sample,84,Site 84,1-Oct-13,Target,0
sample,84,Site 84,1-Nov-13,Target,0
sample,84,Site 84,1-Dec-13,Target,0
sample,84,Site 84,1-Jan-14,Target,0
sample,84,Site 84,1-Feb-14,Target,0
sample,84,Site 84,1-Mar-14,Target,0
sample,84,Site 84,1-Apr-14,Target,0
sample,84,Site 84,1-May-14,Target,0
sample,84,Site 84,1-Jun-14,Target,0
sample,84,Site 84,1-Jul-14,Target,0
sample,84,Site 84,1-Aug-14,Target,0
sample,84,Site 84,1-Sep-14,Target,0
sample,84,Site 84,1-Oct-14,Target,0
sample,84,Site 84,1-Nov-14,Target,0
sample,84,Site 84,1-Dec-14,Target,0
sample,84,Site 84,1-Jan-15,Target,0
sample,84,Site 84,1-Feb-15,Target,0
sample,84,Site 84,1-Mar-15,Target,0
sample,84,Site 84,1-Apr-15,Target,0
sample,84,Site 84,1-May-15,Target,0.026283368
sample,84,Site 84,1-Jun-15,Target,0.107761807
sample,84,Site 84,1-Jul-15,Target,0.18661191
sample,90,Site 90,1-Aug-10,Target,0
sample,90,Site 90,1-Sep-10,Target,0
sample,90,Site 90,1-Oct-10,Target,0
sample,90,Site 90,1-Nov-10,Target,0
sample,90,Site 90,1-Dec-10,Target,0
sample,90,Site 90,1-Jan-11,Target,0
sample,90,Site 90,1-Feb-11,Target,0
sample,90,Site 90,1-Mar-11,Target,0
sample,90,Site 90,1-Apr-11,Target,0
sample,90,Site 90,1-May-11,Target,0
sample,90,Site 90,1-Jun-11,Target,0
sample,90,Site 90,1-Jul-11,Target,0
sample,90,Site 90,1-Aug-11,Target,0
sample,90,Site 90,1-Sep-11,Target,0
sample,90,Site 90,1-Oct-11,Target,0
sample,90,Site 90,1-Nov-11,Target,0
sample,90,Site 90,1-Dec-11,Target,0
sample,90,Site 90,1-Jan-12,Target,0
sample,90,Site 90,1-Feb-12,Target,0
sample,90,Site 90,1-Mar-12,Target,0
sample,90,Site 90,1-Apr-12,Target,0
sample,90,Site 90,1-May-12,Target,0
sample,90,Site 90,1-Jun-12,Target,0
sample,90,Site 90,1-Jul-12,Target,0
sample,90,Site 90,1-Aug-12,Target,0
sample,90,Site 90,1-Sep-12,Target,0
sample,90,Site 90,1-Oct-12,Target,0
sample,90,Site 90,1-Nov-12,Target,0
sample,90,Site 90,1-Dec-12,Target,0
sample,90,Site 90,1-Jan-13,Target,0
sample,90,Site 90,1-Feb-13,Target,0
sample,90,Site 90,1-Mar-13,Target,0
sample,90,Site 90,1-Apr-13,Target,0
sample,90,Site 90,1-May-13,Target,0
sample,90,Site 90,1-Jun-13,Target,0
sample,90,Site 90,1-Jul-13,Target,0
sample,90,Site 90,1-Aug-13,Target,0.002628337
sample,90,Site 90,1-Sep-13,Target,0.084106776
sample,90,Site 90,1-Oct-13,Target,0.162956879
sample,90,Site 90,1-Nov-13,Target,0.244435318
sample,90,Site 90,1-Dec-13,Target,0.323285421
sample,90,Site 90,1-Jan-14,Target,0.40476386
sample,90,Site 90,1-Feb-14,Target,0.4862423
sample,90,Site 90,1-Mar-14,Target,0.559835729
sample,90,Site 90,1-Apr-14,Target,0.641314168
sample,90,Site 90,1-May-14,Target,0.720164271
sample,90,Site 90,1-Jun-14,Target,0.801642711
sample,90,Site 90,1-Jul-14,Target,0.880492813
sample,90,Site 90,1-Aug-14,Target,0.961971253
sample,90,Site 90,1-Sep-14,Target,1.043449692
sample,90,Site 90,1-Oct-14,Target,1.122299795
sample,90,Site 90,1-Nov-14,Target,1.203778234
sample,90,Site 90,1-Dec-14,Target,1.282628337
sample,90,Site 90,1-Jan-15,Target,1.364106776
sample,90,Site 90,1-Feb-15,Target,1.445585216
sample,90,Site 90,1-Mar-15,Target,1.519178645
sample,90,Site 90,1-Apr-15,Target,1.600657084
sample,90,Site 90,1-May-15,Target,1.679507187
sample,90,Site 90,1-Jun-15,Target,1.760985626
sample,90,Site 90,1-Jul-15,Target,1.839835729
sample,95,Site 95,1-Aug-10,Target,0
sample,95,Site 95,1-Sep-10,Target,0
sample,95,Site 95,1-Oct-10,Target,0
sample,95,Site 95,1-Nov-10,Target,0
sample,95,Site 95,1-Dec-10,Target,0
sample,95,Site 95,1-Jan-11,Target,0
sample,95,Site 95,1-Feb-11,Target,0
sample,95,Site 95,1-Mar-11,Target,0
sample,95,Site 95,1-Apr-11,Target,0
sample,95,Site 95,1-May-11,Target,0
sample,95,Site 95,1-Jun-11,Target,0
sample,95,Site 95,1-Jul-11,Target,0
sample,95,Site 95,1-Aug-11,Target,0
sample,95,Site 95,1-Sep-11,Target,0
sample,95,Site 95,1-Oct-11,Target,0
sample,95,Site 95,1-Nov-11,Target,0
sample,95,Site 95,1-Dec-11,Target,0
sample,95,Site 95,1-Jan-12,Target,0
sample,95,Site 95,1-Feb-12,Target,0
sample,95,Site 95,1-Mar-12,Target,0
sample,95,Site 95,1-Apr-12,Target,0
sample,95,Site 95,1-May-12,Target,0
sample,95,Site 95,1-Jun-12,Target,0
sample,95,Site 95,1-Jul-12,Target,0
sample,95,Site 95,1-Aug-12,Target,0
sample,95,Site 95,1-Sep-12,Target,0
sample,95,Site 95,1-Oct-12,Target,0
sample,95,Site 95,1-Nov-12,Target,0
sample,95,Site 95,1-Dec-12,Target,0
sample,95,Site 95,1-Jan-13,Target,0
sample,95,Site 95,1-Feb-13,Target,0
sample,95,Site 95,1-Mar-13,Target,0
sample,95,Site 95,1-Apr-13,Target,0
sample,95,Site 95,1-May-13,Target,0
sample,95,Site 95,1-Jun-13,Target,0
sample,95,Site 95,1-Jul-13,Target,0
sample,95,Site 95,1-Aug-13,Target,0
sample,95,Site 95,1-Sep-13,Target,0
sample,95,Site 95,1-Oct-13,Target,0
sample,95,Site 95,1-Nov-13,Target,0
sample,95,Site 95,1-Dec-13,Target,0
sample,95,Site 95,1-Jan-14,Target,0
sample,95,Site 95,1-Feb-14,Target,0
sample,95,Site 95,1-Mar-14,Target,0
sample,95,Site 95,1-Apr-14,Target,0
sample,95,Site 95,1-May-14,Target,0
sample,95,Site 95,1-Jun-14,Target,0
sample,95,Site 95,1-Jul-14,Target,0
sample,95,Site 95,1-Aug-14,Target,0
sample,95,Site 95,1-Sep-14,Target,0
sample,95,Site 95,1-Oct-14,Target,0
sample,95,Site 95,1-Nov-14,Target,0
sample,95,Site 95,1-Dec-14,Target,0
sample,95,Site 95,1-Jan-15,Target,0
sample,95,Site 95,1-Feb-15,Target,0
sample,95,Site 95,1-Mar-15,Target,0
sample,95,Site 95,1-Apr-15,Target,0
sample,95,Site 95,1-May-15,Target,0.063080082
sample,95,Site 95,1-Jun-15,Target,0.144558522
sample,95,Site 95,1-Jul-15,Target,0.223408624
sample,2,Site 02,1-Aug-10,Enrolled,0
sample,2,Site 02,1-Sep-10,Enrolled,0
sample,2,Site 02,1-Oct-10,Enrolled,0
sample,2,Site 02,1-Nov-10,Enrolled,0
sample,2,Site 02,1-Dec-10,Enrolled,0
sample,2,Site 02,1-Jan-11,Enrolled,0
sample,2,Site 02,1-Feb-11,Enrolled,0
sample,2,Site 02,1-Mar-11,Enrolled,0
sample,2,Site 02,1-Apr-11,Enrolled,0
sample,2,Site 02,1-May-11,Enrolled,0
sample,2,Site 02,1-Jun-11,Enrolled,1
sample,2,Site 02,1-Jul-11,Enrolled,1
sample,2,Site 02,1-Aug-11,Enrolled,1
sample,2,Site 02,1-Sep-11,Enrolled,1
sample,2,Site 02,1-Oct-11,Enrolled,1
sample,2,Site 02,1-Nov-11,Enrolled,1
sample,2,Site 02,1-Dec-11,Enrolled,1
sample,2,Site 02,1-Jan-12,Enrolled,1
sample,2,Site 02,1-Feb-12,Enrolled,1
sample,2,Site 02,1-Mar-12,Enrolled,1
sample,2,Site 02,1-Apr-12,Enrolled,1
sample,2,Site 02,1-May-12,Enrolled,1
sample,2,Site 02,1-Jun-12,Enrolled,2
sample,2,Site 02,1-Jul-12,Enrolled,2
sample,2,Site 02,1-Aug-12,Enrolled,2
sample,2,Site 02,1-Sep-12,Enrolled,2
sample,2,Site 02,1-Oct-12,Enrolled,2
sample,2,Site 02,1-Nov-12,Enrolled,2
sample,2,Site 02,1-Dec-12,Enrolled,2
sample,2,Site 02,1-Jan-13,Enrolled,2
sample,2,Site 02,1-Feb-13,Enrolled,2
sample,2,Site 02,1-Mar-13,Enrolled,2
sample,2,Site 02,1-Apr-13,Enrolled,2
sample,2,Site 02,1-May-13,Enrolled,2
sample,2,Site 02,1-Jun-13,Enrolled,2
sample,2,Site 02,1-Jul-13,Enrolled,2
sample,2,Site 02,1-Aug-13,Enrolled,2
sample,2,Site 02,1-Sep-13,Enrolled,2
sample,2,Site 02,1-Oct-13,Enrolled,2
sample,2,Site 02,1-Nov-13,Enrolled,2
sample,2,Site 02,1-Dec-13,Enrolled,2
sample,2,Site 02,1-Jan-14,Enrolled,2
sample,2,Site 02,1-Feb-14,Enrolled,2
sample,2,Site 02,1-Mar-14,Enrolled,2
sample,2,Site 02,1-Apr-14,Enrolled,2
sample,2,Site 02,1-May-14,Enrolled,2
sample,2,Site 02,1-Jun-14,Enrolled,2
sample,2,Site 02,1-Jul-14,Enrolled,2
sample,2,Site 02,1-Aug-14,Enrolled,2
sample,2,Site 02,1-Sep-14,Enrolled,2
sample,2,Site 02,1-Oct-14,Enrolled,2
sample,2,Site 02,1-Nov-14,Enrolled,2
sample,2,Site 02,1-Dec-14,Enrolled,2
sample,2,Site 02,1-Jan-15,Enrolled,2
sample,2,Site 02,1-Feb-15,Enrolled,2
sample,2,Site 02,1-Mar-15,Enrolled,2
sample,2,Site 02,1-Apr-15,Enrolled,2
sample,2,Site 02,1-May-15,Enrolled,2
sample,2,Site 02,1-Jun-15,Enrolled,2
sample,2,Site 02,1-Jul-15,Enrolled,2
sample,6,Site 06,1-Aug-10,Enrolled,0
sample,6,Site 06,1-Sep-10,Enrolled,0
sample,6,Site 06,1-Oct-10,Enrolled,0
sample,6,Site 06,1-Nov-10,Enrolled,0
sample,6,Site 06,1-Dec-10,Enrolled,0
sample,6,Site 06,1-Jan-11,Enrolled,0
sample,6,Site 06,1-Feb-11,Enrolled,0
sample,6,Site 06,1-Mar-11,Enrolled,0
sample,6,Site 06,1-Apr-11,Enrolled,0
sample,6,Site 06,1-May-11,Enrolled,0
sample,6,Site 06,1-Jun-11,Enrolled,0
sample,6,Site 06,1-Jul-11,Enrolled,0
sample,6,Site 06,1-Aug-11,Enrolled,0
sample,6,Site 06,1-Sep-11,Enrolled,0
sample,6,Site 06,1-Oct-11,Enrolled,0
sample,6,Site 06,1-Nov-11,Enrolled,0
sample,6,Site 06,1-Dec-11,Enrolled,0
sample,6,Site 06,1-Jan-12,Enrolled,0
sample,6,Site 06,1-Feb-12,Enrolled,0
sample,6,Site 06,1-Mar-12,Enrolled,0
sample,6,Site 06,1-Apr-12,Enrolled,0
sample,6,Site 06,1-May-12,Enrolled,0
sample,6,Site 06,1-Jun-12,Enrolled,0
sample,6,Site 06,1-Jul-12,Enrolled,0
sample,6,Site 06,1-Aug-12,Enrolled,0
sample,6,Site 06,1-Sep-12,Enrolled,0
sample,6,Site 06,1-Oct-12,Enrolled,0
sample,6,Site 06,1-Nov-12,Enrolled,0
sample,6,Site 06,1-Dec-12,Enrolled,0
sample,6,Site 06,1-Jan-13,Enrolled,0
sample,6,Site 06,1-Feb-13,Enrolled,0
sample,6,Site 06,1-Mar-13,Enrolled,0
sample,6,Site 06,1-Apr-13,Enrolled,0
sample,6,Site 06,1-May-13,Enrolled,0
sample,6,Site 06,1-Jun-13,Enrolled,0
sample,6,Site 06,1-Jul-13,Enrolled,0
sample,6,Site 06,1-Aug-13,Enrolled,0
sample,6,Site 06,1-Sep-13,Enrolled,0
sample,6,Site 06,1-Oct-13,Enrolled,0
sample,6,Site 06,1-Nov-13,Enrolled,0
sample,6,Site 06,1-Dec-13,Enrolled,0
sample,6,Site 06,1-Jan-14,Enrolled,0
sample,6,Site 06,1-Feb-14,Enrolled,0
sample,6,Site 06,1-Mar-14,Enrolled,0
sample,6,Site 06,1-Apr-14,Enrolled,0
sample,6,Site 06,1-May-14,Enrolled,0
sample,6,Site 06,1-Jun-14,Enrolled,0
sample,6,Site 06,1-Jul-14,Enrolled,0
sample,6,Site 06,1-Aug-14,Enrolled,0
sample,6,Site 06,1-Sep-14,Enrolled,0
sample,6,Site 06,1-Oct-14,Enrolled,0
sample,6,Site 06,1-Nov-14,Enrolled,0
sample,6,Site 06,1-Dec-14,Enrolled,0
sample,6,Site 06,1-Jan-15,Enrolled,0
sample,6,Site 06,1-Feb-15,Enrolled,0
sample,6,Site 06,1-Mar-15,Enrolled,0
sample,6,Site 06,1-Apr-15,Enrolled,0
sample,6,Site 06,1-May-15,Enrolled,0
sample,6,Site 06,1-Jun-15,Enrolled,0
sample,6,Site 06,1-Jul-15,Enrolled,0
sample,8,Site 08,1-Aug-10,Enrolled,0
sample,8,Site 08,1-Sep-10,Enrolled,0
sample,8,Site 08,1-Oct-10,Enrolled,0
sample,8,Site 08,1-Nov-10,Enrolled,0
sample,8,Site 08,1-Dec-10,Enrolled,0
sample,8,Site 08,1-Jan-11,Enrolled,0
sample,8,Site 08,1-Feb-11,Enrolled,0
sample,8,Site 08,1-Mar-11,Enrolled,0
sample,8,Site 08,1-Apr-11,Enrolled,0
sample,8,Site 08,1-May-11,Enrolled,0
sample,8,Site 08,1-Jun-11,Enrolled,0
sample,8,Site 08,1-Jul-11,Enrolled,0
sample,8,Site 08,1-Aug-11,Enrolled,0
sample,8,Site 08,1-Sep-11,Enrolled,0
sample,8,Site 08,1-Oct-11,Enrolled,0
sample,8,Site 08,1-Nov-11,Enrolled,0
sample,8,Site 08,1-Dec-11,Enrolled,0
sample,8,Site 08,1-Jan-12,Enrolled,0
sample,8,Site 08,1-Feb-12,Enrolled,0
sample,8,Site 08,1-Mar-12,Enrolled,0
sample,8,Site 08,1-Apr-12,Enrolled,0
sample,8,Site 08,1-May-12,Enrolled,0
sample,8,Site 08,1-Jun-12,Enrolled,0
sample,8,Site 08,1-Jul-12,Enrolled,0
sample,8,Site 08,1-Aug-12,Enrolled,0
sample,8,Site 08,1-Sep-12,Enrolled,0
sample,8,Site 08,1-Oct-12,Enrolled,1
sample,8,Site 08,1-Nov-12,Enrolled,1
sample,8,Site 08,1-Dec-12,Enrolled,1
sample,8,Site 08,1-Jan-13,Enrolled,1
sample,8,Site 08,1-Feb-13,Enrolled,1
sample,8,Site 08,1-Mar-13,Enrolled,1
sample,8,Site 08,1-Apr-13,Enrolled,1
sample,8,Site 08,1-May-13,Enrolled,1
sample,8,Site 08,1-Jun-13,Enrolled,1
sample,8,Site 08,1-Jul-13,Enrolled,1
sample,8,Site 08,1-Aug-13,Enrolled,1
sample,8,Site 08,1-Sep-13,Enrolled,1
sample,8,Site 08,1-Oct-13,Enrolled,1
sample,8,Site 08,1-Nov-13,Enrolled,1
sample,8,Site 08,1-Dec-13,Enrolled,1
sample,8,Site 08,1-Jan-14,Enrolled,1
sample,8,Site 08,1-Feb-14,Enrolled,1
sample,8,Site 08,1-Mar-14,Enrolled,1
sample,8,Site 08,1-Apr-14,Enrolled,1
sample,8,Site 08,1-May-14,Enrolled,1
sample,8,Site 08,1-Jun-14,Enrolled,1
sample,8,Site 08,1-Jul-14,Enrolled,1
sample,8,Site 08,1-Aug-14,Enrolled,1
sample,8,Site 08,1-Sep-14,Enrolled,1
sample,8,Site 08,1-Oct-14,Enrolled,1
sample,8,Site 08,1-Nov-14,Enrolled,1
sample,8,Site 08,1-Dec-14,Enrolled,1
sample,8,Site 08,1-Jan-15,Enrolled,1
sample,8,Site 08,1-Feb-15,Enrolled,1
sample,8,Site 08,1-Mar-15,Enrolled,1
sample,8,Site 08,1-Apr-15,Enrolled,1
sample,8,Site 08,1-May-15,Enrolled,1
sample,8,Site 08,1-Jun-15,Enrolled,1
sample,8,Site 08,1-Jul-15,Enrolled,1
sample,9,Site 09,1-Aug-10,Enrolled,0
sample,9,Site 09,1-Sep-10,Enrolled,0
sample,9,Site 09,1-Oct-10,Enrolled,0
sample,9,Site 09,1-Nov-10,Enrolled,0
sample,9,Site 09,1-Dec-10,Enrolled,0
sample,9,Site 09,1-Jan-11,Enrolled,0
sample,9,Site 09,1-Feb-11,Enrolled,0
sample,9,Site 09,1-Mar-11,Enrolled,0
sample,9,Site 09,1-Apr-11,Enrolled,1
sample,9,Site 09,1-May-11,Enrolled,1
sample,9,Site 09,1-Jun-11,Enrolled,1
sample,9,Site 09,1-Jul-11,Enrolled,1
sample,9,Site 09,1-Aug-11,Enrolled,1
sample,9,Site 09,1-Sep-11,Enrolled,1
sample,9,Site 09,1-Oct-11,Enrolled,1
sample,9,Site 09,1-Nov-11,Enrolled,1
sample,9,Site 09,1-Dec-11,Enrolled,1
sample,9,Site 09,1-Jan-12,Enrolled,2
sample,9,Site 09,1-Feb-12,Enrolled,2
sample,9,Site 09,1-Mar-12,Enrolled,3
sample,9,Site 09,1-Apr-12,Enrolled,3
sample,9,Site 09,1-May-12,Enrolled,3
sample,9,Site 09,1-Jun-12,Enrolled,3
sample,9,Site 09,1-Jul-12,Enrolled,3
sample,9,Site 09,1-Aug-12,Enrolled,3
sample,9,Site 09,1-Sep-12,Enrolled,3
sample,9,Site 09,1-Oct-12,Enrolled,3
sample,9,Site 09,1-Nov-12,Enrolled,3
sample,9,Site 09,1-Dec-12,Enrolled,3
sample,9,Site 09,1-Jan-13,Enrolled,3
sample,9,Site 09,1-Feb-13,Enrolled,3
sample,9,Site 09,1-Mar-13,Enrolled,3
sample,9,Site 09,1-Apr-13,Enrolled,3
sample,9,Site 09,1-May-13,Enrolled,3
sample,9,Site 09,1-Jun-13,Enrolled,3
sample,9,Site 09,1-Jul-13,Enrolled,3
sample,9,Site 09,1-Aug-13,Enrolled,4
sample,9,Site 09,1-Sep-13,Enrolled,4
sample,9,Site 09,1-Oct-13,Enrolled,4
sample,9,Site 09,1-Nov-13,Enrolled,5
sample,9,Site 09,1-Dec-13,Enrolled,5
sample,9,Site 09,1-Jan-14,Enrolled,5
sample,9,Site 09,1-Feb-14,Enrolled,5
sample,9,Site 09,1-Mar-14,Enrolled,5
sample,9,Site 09,1-Apr-14,Enrolled,6
sample,9,Site 09,1-May-14,Enrolled,6
sample,9,Site 09,1-Jun-14,Enrolled,6
sample,9,Site 09,1-Jul-14,Enrolled,6
sample,9,Site 09,1-Aug-14,Enrolled,6
sample,9,Site 09,1-Sep-14,Enrolled,6
sample,9,Site 09,1-Oct-14,Enrolled,6
sample,9,Site 09,1-Nov-14,Enrolled,6
sample,9,Site 09,1-Dec-14,Enrolled,6
sample,9,Site 09,1-Jan-15,Enrolled,6
sample,9,Site 09,1-Feb-15,Enrolled,6
sample,9,Site 09,1-Mar-15,Enrolled,6
sample,9,Site 09,1-Apr-15,Enrolled,6
sample,9,Site 09,1-May-15,Enrolled,6
sample,9,Site 09,1-Jun-15,Enrolled,8
sample,9,Site 09,1-Jul-15,Enrolled,8
sample,10,Site 10,1-Aug-10,Enrolled,0
sample,10,Site 10,1-Sep-10,Enrolled,0
sample,10,Site 10,1-Oct-10,Enrolled,0
sample,10,Site 10,1-Nov-10,Enrolled,0
sample,10,Site 10,1-Dec-10,Enrolled,0
sample,10,Site 10,1-Jan-11,Enrolled,0
sample,10,Site 10,1-Feb-11,Enrolled,0
sample,10,Site 10,1-Mar-11,Enrolled,0
sample,10,Site 10,1-Apr-11,Enrolled,1
sample,10,Site 10,1-May-11,Enrolled,1
sample,10,Site 10,1-Jun-11,Enrolled,1
sample,10,Site 10,1-Jul-11,Enrolled,1
sample,10,Site 10,1-Aug-11,Enrolled,1
sample,10,Site 10,1-Sep-11,Enrolled,1
sample,10,Site 10,1-Oct-11,Enrolled,1
sample,10,Site 10,1-Nov-11,Enrolled,1
sample,10,Site 10,1-Dec-11,Enrolled,1
sample,10,Site 10,1-Jan-12,Enrolled,2
sample,10,Site 10,1-Feb-12,Enrolled,2
sample,10,Site 10,1-Mar-12,Enrolled,2
sample,10,Site 10,1-Apr-12,Enrolled,2
sample,10,Site 10,1-May-12,Enrolled,3
sample,10,Site 10,1-Jun-12,Enrolled,3
sample,10,Site 10,1-Jul-12,Enrolled,3
sample,10,Site 10,1-Aug-12,Enrolled,3
sample,10,Site 10,1-Sep-12,Enrolled,3
sample,10,Site 10,1-Oct-12,Enrolled,3
sample,10,Site 10,1-Nov-12,Enrolled,3
sample,10,Site 10,1-Dec-12,Enrolled,3
sample,10,Site 10,1-Jan-13,Enrolled,3
sample,10,Site 10,1-Feb-13,Enrolled,3
sample,10,Site 10,1-Mar-13,Enrolled,3
sample,10,Site 10,1-Apr-13,Enrolled,4
sample,10,Site 10,1-May-13,Enrolled,4
sample,10,Site 10,1-Jun-13,Enrolled,5
sample,10,Site 10,1-Jul-13,Enrolled,5
sample,10,Site 10,1-Aug-13,Enrolled,5
sample,10,Site 10,1-Sep-13,Enrolled,5
sample,10,Site 10,1-Oct-13,Enrolled,5
sample,10,Site 10,1-Nov-13,Enrolled,5
sample,10,Site 10,1-Dec-13,Enrolled,5
sample,10,Site 10,1-Jan-14,Enrolled,5
sample,10,Site 10,1-Feb-14,Enrolled,5
sample,10,Site 10,1-Mar-14,Enrolled,5
sample,10,Site 10,1-Apr-14,Enrolled,6
sample,10,Site 10,1-May-14,Enrolled,6
sample,10,Site 10,1-Jun-14,Enrolled,6
sample,10,Site 10,1-Jul-14,Enrolled,6
sample,10,Site 10,1-Aug-14,Enrolled,6
sample,10,Site 10,1-Sep-14,Enrolled,6
sample,10,Site 10,1-Oct-14,Enrolled,7
sample,10,Site 10,1-Nov-14,Enrolled,7
sample,10,Site 10,1-Dec-14,Enrolled,8
sample,10,Site 10,1-Jan-15,Enrolled,8
sample,10,Site 10,1-Feb-15,Enrolled,8
sample,10,Site 10,1-Mar-15,Enrolled,9
sample,10,Site 10,1-Apr-15,Enrolled,9
sample,10,Site 10,1-May-15,Enrolled,9
sample,10,Site 10,1-Jun-15,Enrolled,10
sample,10,Site 10,1-Jul-15,Enrolled,10
sample,53,Site 53,1-Aug-10,Enrolled,0
sample,53,Site 53,1-Sep-10,Enrolled,0
sample,53,Site 53,1-Oct-10,Enrolled,0
sample,53,Site 53,1-Nov-10,Enrolled,0
sample,53,Site 53,1-Dec-10,Enrolled,0
sample,53,Site 53,1-Jan-11,Enrolled,0
sample,53,Site 53,1-Feb-11,Enrolled,0
sample,53,Site 53,1-Mar-11,Enrolled,0
sample,53,Site 53,1-Apr-11,Enrolled,0
sample,53,Site 53,1-May-11,Enrolled,0
sample,53,Site 53,1-Jun-11,Enrolled,0
sample,53,Site 53,1-Jul-11,Enrolled,0
sample,53,Site 53,1-Aug-11,Enrolled,0
sample,53,Site 53,1-Sep-11,Enrolled,0
sample,53,Site 53,1-Oct-11,Enrolled,0
sample,53,Site 53,1-Nov-11,Enrolled,0
sample,53,Site 53,1-Dec-11,Enrolled,0
sample,53,Site 53,1-Jan-12,Enrolled,0
sample,53,Site 53,1-Feb-12,Enrolled,0
sample,53,Site 53,1-Mar-12,Enrolled,0
sample,53,Site 53,1-Apr-12,Enrolled,0
sample,53,Site 53,1-May-12,Enrolled,0
sample,53,Site 53,1-Jun-12,Enrolled,0
sample,53,Site 53,1-Jul-12,Enrolled,0
sample,53,Site 53,1-Aug-12,Enrolled,0
sample,53,Site 53,1-Sep-12,Enrolled,0
sample,53,Site 53,1-Oct-12,Enrolled,0
sample,53,Site 53,1-Nov-12,Enrolled,0
sample,53,Site 53,1-Dec-12,Enrolled,0
sample,53,Site 53,1-Jan-13,Enrolled,0
sample,53,Site 53,1-Feb-13,Enrolled,0
sample,53,Site 53,1-Mar-13,Enrolled,0
sample,53,Site 53,1-Apr-13,Enrolled,0
sample,53,Site 53,1-May-13,Enrolled,0
sample,53,Site 53,1-Jun-13,Enrolled,0
sample,53,Site 53,1-Jul-13,Enrolled,0
sample,53,Site 53,1-Aug-13,Enrolled,0
sample,53,Site 53,1-Sep-13,Enrolled,0
sample,53,Site 53,1-Oct-13,Enrolled,0
sample,53,Site 53,1-Nov-13,Enrolled,0
sample,53,Site 53,1-Dec-13,Enrolled,0
sample,53,Site 53,1-Jan-14,Enrolled,0
sample,53,Site 53,1-Feb-14,Enrolled,0
sample,53,Site 53,1-Mar-14,Enrolled,0
sample,53,Site 53,1-Apr-14,Enrolled,0
sample,53,Site 53,1-May-14,Enrolled,0
sample,53,Site 53,1-Jun-14,Enrolled,0
sample,53,Site 53,1-Jul-14,Enrolled,0
sample,53,Site 53,1-Aug-14,Enrolled,0
sample,53,Site 53,1-Sep-14,Enrolled,0
sample,53,Site 53,1-Oct-14,Enrolled,0
sample,53,Site 53,1-Nov-14,Enrolled,0
sample,53,Site 53,1-Dec-14,Enrolled,0
sample,53,Site 53,1-Jan-15,Enrolled,0
sample,53,Site 53,1-Feb-15,Enrolled,0
sample,53,Site 53,1-Mar-15,Enrolled,0
sample,53,Site 53,1-Apr-15,Enrolled,0
sample,53,Site 53,1-May-15,Enrolled,0
sample,53,Site 53,1-Jun-15,Enrolled,0
sample,53,Site 53,1-Jul-15,Enrolled,0
sample,55,Site 55,1-Aug-10,Enrolled,0
sample,55,Site 55,1-Sep-10,Enrolled,0
sample,55,Site 55,1-Oct-10,Enrolled,1
sample,55,Site 55,1-Nov-10,Enrolled,1
sample,55,Site 55,1-Dec-10,Enrolled,1
sample,55,Site 55,1-Jan-11,Enrolled,1
sample,55,Site 55,1-Feb-11,Enrolled,1
sample,55,Site 55,1-Mar-11,Enrolled,1
sample,55,Site 55,1-Apr-11,Enrolled,1
sample,55,Site 55,1-May-11,Enrolled,1
sample,55,Site 55,1-Jun-11,Enrolled,1
sample,55,Site 55,1-Jul-11,Enrolled,1
sample,55,Site 55,1-Aug-11,Enrolled,2
sample,55,Site 55,1-Sep-11,Enrolled,2
sample,55,Site 55,1-Oct-11,Enrolled,2
sample,55,Site 55,1-Nov-11,Enrolled,3
sample,55,Site 55,1-Dec-11,Enrolled,3
sample,55,Site 55,1-Jan-12,Enrolled,3
sample,55,Site 55,1-Feb-12,Enrolled,3
sample,55,Site 55,1-Mar-12,Enrolled,3
sample,55,Site 55,1-Apr-12,Enrolled,3
sample,55,Site 55,1-May-12,Enrolled,3
sample,55,Site 55,1-Jun-12,Enrolled,3
sample,55,Site 55,1-Jul-12,Enrolled,3
sample,55,Site 55,1-Aug-12,Enrolled,4
sample,55,Site 55,1-Sep-12,Enrolled,4
sample,55,Site 55,1-Oct-12,Enrolled,4
sample,55,Site 55,1-Nov-12,Enrolled,4
sample,55,Site 55,1-Dec-12,Enrolled,5
sample,55,Site 55,1-Jan-13,Enrolled,5
sample,55,Site 55,1-Feb-13,Enrolled,5
sample,55,Site 55,1-Mar-13,Enrolled,5
sample,55,Site 55,1-Apr-13,Enrolled,5
sample,55,Site 55,1-May-13,Enrolled,5
sample,55,Site 55,1-Jun-13,Enrolled,5
sample,55,Site 55,1-Jul-13,Enrolled,5
sample,55,Site 55,1-Aug-13,Enrolled,5
sample,55,Site 55,1-Sep-13,Enrolled,5
sample,55,Site 55,1-Oct-13,Enrolled,5
sample,55,Site 55,1-Nov-13,Enrolled,6
sample,55,Site 55,1-Dec-13,Enrolled,6
sample,55,Site 55,1-Jan-14,Enrolled,6
sample,55,Site 55,1-Feb-14,Enrolled,6
sample,55,Site 55,1-Mar-14,Enrolled,6
sample,55,Site 55,1-Apr-14,Enrolled,6
sample,55,Site 55,1-May-14,Enrolled,6
sample,55,Site 55,1-Jun-14,Enrolled,7
sample,55,Site 55,1-Jul-14,Enrolled,7
sample,55,Site 55,1-Aug-14,Enrolled,7
sample,55,Site 55,1-Sep-14,Enrolled,7
sample,55,Site 55,1-Oct-14,Enrolled,7
sample,55,Site 55,1-Nov-14,Enrolled,7
sample,55,Site 55,1-Dec-14,Enrolled,7
sample,55,Site 55,1-Jan-15,Enrolled,7
sample,55,Site 55,1-Feb-15,Enrolled,7
sample,55,Site 55,1-Mar-15,Enrolled,7
sample,55,Site 55,1-Apr-15,Enrolled,7
sample,55,Site 55,1-May-15,Enrolled,7
sample,55,Site 55,1-Jun-15,Enrolled,7
sample,55,Site 55,1-Jul-15,Enrolled,7
sample,60,Site 60,1-Aug-10,Enrolled,0
sample,60,Site 60,1-Sep-10,Enrolled,0
sample,60,Site 60,1-Oct-10,Enrolled,0
sample,60,Site 60,1-Nov-10,Enrolled,0
sample,60,Site 60,1-Dec-10,Enrolled,0
sample,60,Site 60,1-Jan-11,Enrolled,0
sample,60,Site 60,1-Feb-11,Enrolled,0
sample,60,Site 60,1-Mar-11,Enrolled,0
sample,60,Site 60,1-Apr-11,Enrolled,0
sample,60,Site 60,1-May-11,Enrolled,0
sample,60,Site 60,1-Jun-11,Enrolled,0
sample,60,Site 60,1-Jul-11,Enrolled,0
sample,60,Site 60,1-Aug-11,Enrolled,0
sample,60,Site 60,1-Sep-11,Enrolled,0
sample,60,Site 60,1-Oct-11,Enrolled,0
sample,60,Site 60,1-Nov-11,Enrolled,0
sample,60,Site 60,1-Dec-11,Enrolled,0
sample,60,Site 60,1-Jan-12,Enrolled,0
sample,60,Site 60,1-Feb-12,Enrolled,0
sample,60,Site 60,1-Mar-12,Enrolled,0
sample,60,Site 60,1-Apr-12,Enrolled,0
sample,60,Site 60,1-May-12,Enrolled,0
sample,60,Site 60,1-Jun-12,Enrolled,0
sample,60,Site 60,1-Jul-12,Enrolled,0
sample,60,Site 60,1-Aug-12,Enrolled,0
sample,60,Site 60,1-Sep-12,Enrolled,0
sample,60,Site 60,1-Oct-12,Enrolled,0
sample,60,Site 60,1-Nov-12,Enrolled,0
sample,60,Site 60,1-Dec-12,Enrolled,0
sample,60,Site 60,1-Jan-13,Enrolled,0
sample,60,Site 60,1-Feb-13,Enrolled,0
sample,60,Site 60,1-Mar-13,Enrolled,0
sample,60,Site 60,1-Apr-13,Enrolled,0
sample,60,Site 60,1-May-13,Enrolled,0
sample,60,Site 60,1-Jun-13,Enrolled,0
sample,60,Site 60,1-Jul-13,Enrolled,0
sample,60,Site 60,1-Aug-13,Enrolled,0
sample,60,Site 60,1-Sep-13,Enrolled,0
sample,60,Site 60,1-Oct-13,Enrolled,0
sample,60,Site 60,1-Nov-13,Enrolled,0
sample,60,Site 60,1-Dec-13,Enrolled,0
sample,60,Site 60,1-Jan-14,Enrolled,0
sample,60,Site 60,1-Feb-14,Enrolled,0
sample,60,Site 60,1-Mar-14,Enrolled,0
sample,60,Site 60,1-Apr-14,Enrolled,1
sample,60,Site 60,1-May-14,Enrolled,1
sample,60,Site 60,1-Jun-14,Enrolled,1
sample,60,Site 60,1-Jul-14,Enrolled,1
sample,60,Site 60,1-Aug-14,Enrolled,1
sample,60,Site 60,1-Sep-14,Enrolled,1
sample,60,Site 60,1-Oct-14,Enrolled,1
sample,60,Site 60,1-Nov-14,Enrolled,1
sample,60,Site 60,1-Dec-14,Enrolled,1
sample,60,Site 60,1-Jan-15,Enrolled,1
sample,60,Site 60,1-Feb-15,Enrolled,1
sample,60,Site 60,1-Mar-15,Enrolled,1
sample,60,Site 60,1-Apr-15,Enrolled,1
sample,60,Site 60,1-May-15,Enrolled,1
sample,60,Site 60,1-Jun-15,Enrolled,1
sample,60,Site 60,1-Jul-15,Enrolled,1
sample,65,Site 65,1-Aug-10,Enrolled,0
sample,65,Site 65,1-Sep-10,Enrolled,0
sample,65,Site 65,1-Oct-10,Enrolled,0
sample,65,Site 65,1-Nov-10,Enrolled,0
sample,65,Site 65,1-Dec-10,Enrolled,0
sample,65,Site 65,1-Jan-11,Enrolled,0
sample,65,Site 65,1-Feb-11,Enrolled,0
sample,65,Site 65,1-Mar-11,Enrolled,0
sample,65,Site 65,1-Apr-11,Enrolled,0
sample,65,Site 65,1-May-11,Enrolled,0
sample,65,Site 65,1-Jun-11,Enrolled,0
sample,65,Site 65,1-Jul-11,Enrolled,0
sample,65,Site 65,1-Aug-11,Enrolled,0
sample,65,Site 65,1-Sep-11,Enrolled,0
sample,65,Site 65,1-Oct-11,Enrolled,0
sample,65,Site 65,1-Nov-11,Enrolled,0
sample,65,Site 65,1-Dec-11,Enrolled,0
sample,65,Site 65,1-Jan-12,Enrolled,0
sample,65,Site 65,1-Feb-12,Enrolled,0
sample,65,Site 65,1-Mar-12,Enrolled,0
sample,65,Site 65,1-Apr-12,Enrolled,0
sample,65,Site 65,1-May-12,Enrolled,0
sample,65,Site 65,1-Jun-12,Enrolled,0
sample,65,Site 65,1-Jul-12,Enrolled,0
sample,65,Site 65,1-Aug-12,Enrolled,0
sample,65,Site 65,1-Sep-12,Enrolled,0
sample,65,Site 65,1-Oct-12,Enrolled,0
sample,65,Site 65,1-Nov-12,Enrolled,0
sample,65,Site 65,1-Dec-12,Enrolled,0
sample,65,Site 65,1-Jan-13,Enrolled,0
sample,65,Site 65,1-Feb-13,Enrolled,0
sample,65,Site 65,1-Mar-13,Enrolled,0
sample,65,Site 65,1-Apr-13,Enrolled,0
sample,65,Site 65,1-May-13,Enrolled,0
sample,65,Site 65,1-Jun-13,Enrolled,0
sample,65,Site 65,1-Jul-13,Enrolled,0
sample,65,Site 65,1-Aug-13,Enrolled,0
sample,65,Site 65,1-Sep-13,Enrolled,0
sample,65,Site 65,1-Oct-13,Enrolled,0
sample,65,Site 65,1-Nov-13,Enrolled,0
sample,65,Site 65,1-Dec-13,Enrolled,0
sample,65,Site 65,1-Jan-14,Enrolled,0
sample,65,Site 65,1-Feb-14,Enrolled,0
sample,65,Site 65,1-Mar-14,Enrolled,0
sample,65,Site 65,1-Apr-14,Enrolled,0
sample,65,Site 65,1-May-14,Enrolled,0
sample,65,Site 65,1-Jun-14,Enrolled,0
sample,65,Site 65,1-Jul-14,Enrolled,0
sample,65,Site 65,1-Aug-14,Enrolled,0
sample,65,Site 65,1-Sep-14,Enrolled,0
sample,65,Site 65,1-Oct-14,Enrolled,0
sample,65,Site 65,1-Nov-14,Enrolled,0
sample,65,Site 65,1-Dec-14,Enrolled,0
sample,65,Site 65,1-Jan-15,Enrolled,0
sample,65,Site 65,1-Feb-15,Enrolled,0
sample,65,Site 65,1-Mar-15,Enrolled,0
sample,65,Site 65,1-Apr-15,Enrolled,0
sample,65,Site 65,1-May-15,Enrolled,0
sample,65,Site 65,1-Jun-15,Enrolled,0
sample,65,Site 65,1-Jul-15,Enrolled,0
sample,68,Site 68,1-Aug-10,Enrolled,0
sample,68,Site 68,1-Sep-10,Enrolled,0
sample,68,Site 68,1-Oct-10,Enrolled,0
sample,68,Site 68,1-Nov-10,Enrolled,0
sample,68,Site 68,1-Dec-10,Enrolled,0
sample,68,Site 68,1-Jan-11,Enrolled,0
sample,68,Site 68,1-Feb-11,Enrolled,0
sample,68,Site 68,1-Mar-11,Enrolled,0
sample,68,Site 68,1-Apr-11,Enrolled,0
sample,68,Site 68,1-May-11,Enrolled,0
sample,68,Site 68,1-Jun-11,Enrolled,0
sample,68,Site 68,1-Jul-11,Enrolled,0
sample,68,Site 68,1-Aug-11,Enrolled,0
sample,68,Site 68,1-Sep-11,Enrolled,0
sample,68,Site 68,1-Oct-11,Enrolled,0
sample,68,Site 68,1-Nov-11,Enrolled,0
sample,68,Site 68,1-Dec-11,Enrolled,0
sample,68,Site 68,1-Jan-12,Enrolled,0
sample,68,Site 68,1-Feb-12,Enrolled,0
sample,68,Site 68,1-Mar-12,Enrolled,0
sample,68,Site 68,1-Apr-12,Enrolled,0
sample,68,Site 68,1-May-12,Enrolled,0
sample,68,Site 68,1-Jun-12,Enrolled,0
sample,68,Site 68,1-Jul-12,Enrolled,0
sample,68,Site 68,1-Aug-12,Enrolled,0
sample,68,Site 68,1-Sep-12,Enrolled,0
sample,68,Site 68,1-Oct-12,Enrolled,0
sample,68,Site 68,1-Nov-12,Enrolled,0
sample,68,Site 68,1-Dec-12,Enrolled,0
sample,68,Site 68,1-Jan-13,Enrolled,0
sample,68,Site 68,1-Feb-13,Enrolled,0
sample,68,Site 68,1-Mar-13,Enrolled,0
sample,68,Site 68,1-Apr-13,Enrolled,0
sample,68,Site 68,1-May-13,Enrolled,0
sample,68,Site 68,1-Jun-13,Enrolled,0
sample,68,Site 68,1-Jul-13,Enrolled,0
sample,68,Site 68,1-Aug-13,Enrolled,0
sample,68,Site 68,1-Sep-13,Enrolled,0
sample,68,Site 68,1-Oct-13,Enrolled,0
sample,68,Site 68,1-Nov-13,Enrolled,0
sample,68,Site 68,1-Dec-13,Enrolled,0
sample,68,Site 68,1-Jan-14,Enrolled,0
sample,68,Site 68,1-Feb-14,Enrolled,0
sample,68,Site 68,1-Mar-14,Enrolled,0
sample,68,Site 68,1-Apr-14,Enrolled,0
sample,68,Site 68,1-May-14,Enrolled,0
sample,68,Site 68,1-Jun-14,Enrolled,0
sample,68,Site 68,1-Jul-14,Enrolled,0
sample,68,Site 68,1-Aug-14,Enrolled,0
sample,68,Site 68,1-Sep-14,Enrolled,0
sample,68,Site 68,1-Oct-14,Enrolled,0
sample,68,Site 68,1-Nov-14,Enrolled,0
sample,68,Site 68,1-Dec-14,Enrolled,0
sample,68,Site 68,1-Jan-15,Enrolled,0
sample,68,Site 68,1-Feb-15,Enrolled,0
sample,68,Site 68,1-Mar-15,Enrolled,0
sample,68,Site 68,1-Apr-15,Enrolled,0
sample,68,Site 68,1-May-15,Enrolled,0
sample,68,Site 68,1-Jun-15,Enrolled,0
sample,68,Site 68,1-Jul-15,Enrolled,0
sample,70,Site 70,1-Aug-10,Enrolled,0
sample,70,Site 70,1-Sep-10,Enrolled,0
sample,70,Site 70,1-Oct-10,Enrolled,0
sample,70,Site 70,1-Nov-10,Enrolled,0
sample,70,Site 70,1-Dec-10,Enrolled,0
sample,70,Site 70,1-Jan-11,Enrolled,0
sample,70,Site 70,1-Feb-11,Enrolled,0
sample,70,Site 70,1-Mar-11,Enrolled,0
sample,70,Site 70,1-Apr-11,Enrolled,0
sample,70,Site 70,1-May-11,Enrolled,0
sample,70,Site 70,1-Jun-11,Enrolled,0
sample,70,Site 70,1-Jul-11,Enrolled,0
sample,70,Site 70,1-Aug-11,Enrolled,1
sample,70,Site 70,1-Sep-11,Enrolled,1
sample,70,Site 70,1-Oct-11,Enrolled,1
sample,70,Site 70,1-Nov-11,Enrolled,1
sample,70,Site 70,1-Dec-11,Enrolled,1
sample,70,Site 70,1-Jan-12,Enrolled,1
sample,70,Site 70,1-Feb-12,Enrolled,1
sample,70,Site 70,1-Mar-12,Enrolled,2
sample,70,Site 70,1-Apr-12,Enrolled,2
sample,70,Site 70,1-May-12,Enrolled,2
sample,70,Site 70,1-Jun-12,Enrolled,2
sample,70,Site 70,1-Jul-12,Enrolled,2
sample,70,Site 70,1-Aug-12,Enrolled,2
sample,70,Site 70,1-Sep-12,Enrolled,2
sample,70,Site 70,1-Oct-12,Enrolled,2
sample,70,Site 70,1-Nov-12,Enrolled,2
sample,70,Site 70,1-Dec-12,Enrolled,2
sample,70,Site 70,1-Jan-13,Enrolled,2
sample,70,Site 70,1-Feb-13,Enrolled,2
sample,70,Site 70,1-Mar-13,Enrolled,2
sample,70,Site 70,1-Apr-13,Enrolled,2
sample,70,Site 70,1-May-13,Enrolled,2
sample,70,Site 70,1-Jun-13,Enrolled,2
sample,70,Site 70,1-Jul-13,Enrolled,2
sample,70,Site 70,1-Aug-13,Enrolled,2
sample,70,Site 70,1-Sep-13,Enrolled,2
sample,70,Site 70,1-Oct-13,Enrolled,2
sample,70,Site 70,1-Nov-13,Enrolled,2
sample,70,Site 70,1-Dec-13,Enrolled,2
sample,70,Site 70,1-Jan-14,Enrolled,2
sample,70,Site 70,1-Feb-14,Enrolled,2
sample,70,Site 70,1-Mar-14,Enrolled,2
sample,70,Site 70,1-Apr-14,Enrolled,2
sample,70,Site 70,1-May-14,Enrolled,2
sample,70,Site 70,1-Jun-14,Enrolled,2
sample,70,Site 70,1-Jul-14,Enrolled,2
sample,70,Site 70,1-Aug-14,Enrolled,3
sample,70,Site 70,1-Sep-14,Enrolled,3
sample,70,Site 70,1-Oct-14,Enrolled,3
sample,70,Site 70,1-Nov-14,Enrolled,3
sample,70,Site 70,1-Dec-14,Enrolled,3
sample,70,Site 70,1-Jan-15,Enrolled,3
sample,70,Site 70,1-Feb-15,Enrolled,3
sample,70,Site 70,1-Mar-15,Enrolled,3
sample,70,Site 70,1-Apr-15,Enrolled,3
sample,70,Site 70,1-May-15,Enrolled,4
sample,70,Site 70,1-Jun-15,Enrolled,4
sample,70,Site 70,1-Jul-15,Enrolled,4
sample,77,Site 77,1-Aug-10,Enrolled,0
sample,77,Site 77,1-Sep-10,Enrolled,0
sample,77,Site 77,1-Oct-10,Enrolled,0
sample,77,Site 77,1-Nov-10,Enrolled,0
sample,77,Site 77,1-Dec-10,Enrolled,0
sample,77,Site 77,1-Jan-11,Enrolled,0
sample,77,Site 77,1-Feb-11,Enrolled,0
sample,77,Site 77,1-Mar-11,Enrolled,0
sample,77,Site 77,1-Apr-11,Enrolled,0
sample,77,Site 77,1-May-11,Enrolled,0
sample,77,Site 77,1-Jun-11,Enrolled,0
sample,77,Site 77,1-Jul-11,Enrolled,0
sample,77,Site 77,1-Aug-11,Enrolled,0
sample,77,Site 77,1-Sep-11,Enrolled,0
sample,77,Site 77,1-Oct-11,Enrolled,0
sample,77,Site 77,1-Nov-11,Enrolled,0
sample,77,Site 77,1-Dec-11,Enrolled,0
sample,77,Site 77,1-Jan-12,Enrolled,0
sample,77,Site 77,1-Feb-12,Enrolled,0
sample,77,Site 77,1-Mar-12,Enrolled,0
sample,77,Site 77,1-Apr-12,Enrolled,0
sample,77,Site 77,1-May-12,Enrolled,0
sample,77,Site 77,1-Jun-12,Enrolled,0
sample,77,Site 77,1-Jul-12,Enrolled,0
sample,77,Site 77,1-Aug-12,Enrolled,0
sample,77,Site 77,1-Sep-12,Enrolled,0
sample,77,Site 77,1-Oct-12,Enrolled,0
sample,77,Site 77,1-Nov-12,Enrolled,0
sample,77,Site 77,1-Dec-12,Enrolled,0
sample,77,Site 77,1-Jan-13,Enrolled,0
sample,77,Site 77,1-Feb-13,Enrolled,0
sample,77,Site 77,1-Mar-13,Enrolled,0
sample,77,Site 77,1-Apr-13,Enrolled,0
sample,77,Site 77,1-May-13,Enrolled,0
sample,77,Site 77,1-Jun-13,Enrolled,0
sample,77,Site 77,1-Jul-13,Enrolled,0
sample,77,Site 77,1-Aug-13,Enrolled,0
sample,77,Site 77,1-Sep-13,Enrolled,0
sample,77,Site 77,1-Oct-13,Enrolled,0
sample,77,Site 77,1-Nov-13,Enrolled,0
sample,77,Site 77,1-Dec-13,Enrolled,0
sample,77,Site 77,1-Jan-14,Enrolled,0
sample,77,Site 77,1-Feb-14,Enrolled,0
sample,77,Site 77,1-Mar-14,Enrolled,0
sample,77,Site 77,1-Apr-14,Enrolled,0
sample,77,Site 77,1-May-14,Enrolled,0
sample,77,Site 77,1-Jun-14,Enrolled,0
sample,77,Site 77,1-Jul-14,Enrolled,0
sample,77,Site 77,1-Aug-14,Enrolled,0
sample,77,Site 77,1-Sep-14,Enrolled,0
sample,77,Site 77,1-Oct-14,Enrolled,0
sample,77,Site 77,1-Nov-14,Enrolled,0
sample,77,Site 77,1-Dec-14,Enrolled,0
sample,77,Site 77,1-Jan-15,Enrolled,0
sample,77,Site 77,1-Feb-15,Enrolled,0
sample,77,Site 77,1-Mar-15,Enrolled,0
sample,77,Site 77,1-Apr-15,Enrolled,0
sample,77,Site 77,1-May-15,Enrolled,0
sample,77,Site 77,1-Jun-15,Enrolled,0
sample,77,Site 77,1-Jul-15,Enrolled,0
sample,80,Site 80,1-Aug-10,Enrolled,0
sample,80,Site 80,1-Sep-10,Enrolled,0
sample,80,Site 80,1-Oct-10,Enrolled,0
sample,80,Site 80,1-Nov-10,Enrolled,0
sample,80,Site 80,1-Dec-10,Enrolled,0
sample,80,Site 80,1-Jan-11,Enrolled,0
sample,80,Site 80,1-Feb-11,Enrolled,0
sample,80,Site 80,1-Mar-11,Enrolled,0
sample,80,Site 80,1-Apr-11,Enrolled,0
sample,80,Site 80,1-May-11,Enrolled,0
sample,80,Site 80,1-Jun-11,Enrolled,0
sample,80,Site 80,1-Jul-11,Enrolled,0
sample,80,Site 80,1-Aug-11,Enrolled,0
sample,80,Site 80,1-Sep-11,Enrolled,0
sample,80,Site 80,1-Oct-11,Enrolled,0
sample,80,Site 80,1-Nov-11,Enrolled,0
sample,80,Site 80,1-Dec-11,Enrolled,0
sample,80,Site 80,1-Jan-12,Enrolled,0
sample,80,Site 80,1-Feb-12,Enrolled,0
sample,80,Site 80,1-Mar-12,Enrolled,0
sample,80,Site 80,1-Apr-12,Enrolled,0
sample,80,Site 80,1-May-12,Enrolled,0
sample,80,Site 80,1-Jun-12,Enrolled,0
sample,80,Site 80,1-Jul-12,Enrolled,0
sample,80,Site 80,1-Aug-12,Enrolled,0
sample,80,Site 80,1-Sep-12,Enrolled,0
sample,80,Site 80,1-Oct-12,Enrolled,0
sample,80,Site 80,1-Nov-12,Enrolled,0
sample,80,Site 80,1-Dec-12,Enrolled,0
sample,80,Site 80,1-Jan-13,Enrolled,0
sample,80,Site 80,1-Feb-13,Enrolled,0
sample,80,Site 80,1-Mar-13,Enrolled,0
sample,80,Site 80,1-Apr-13,Enrolled,0
sample,80,Site 80,1-May-13,Enrolled,0
sample,80,Site 80,1-Jun-13,Enrolled,0
sample,80,Site 80,1-Jul-13,Enrolled,0
sample,80,Site 80,1-Aug-13,Enrolled,0
sample,80,Site 80,1-Sep-13,Enrolled,1
sample,80,Site 80,1-Oct-13,Enrolled,1
sample,80,Site 80,1-Nov-13,Enrolled,2
sample,80,Site 80,1-Dec-13,Enrolled,2
sample,80,Site 80,1-Jan-14,Enrolled,2
sample,80,Site 80,1-Feb-14,Enrolled,2
sample,80,Site 80,1-Mar-14,Enrolled,2
sample,80,Site 80,1-Apr-14,Enrolled,2
sample,80,Site 80,1-May-14,Enrolled,2
sample,80,Site 80,1-Jun-14,Enrolled,2
sample,80,Site 80,1-Jul-14,Enrolled,2
sample,80,Site 80,1-Aug-14,Enrolled,2
sample,80,Site 80,1-Sep-14,Enrolled,2
sample,80,Site 80,1-Oct-14,Enrolled,2
sample,80,Site 80,1-Nov-14,Enrolled,2
sample,80,Site 80,1-Dec-14,Enrolled,2
sample,80,Site 80,1-Jan-15,Enrolled,2
sample,80,Site 80,1-Feb-15,Enrolled,2
sample,80,Site 80,1-Mar-15,Enrolled,2
sample,80,Site 80,1-Apr-15,Enrolled,2
sample,80,Site 80,1-May-15,Enrolled,2
sample,80,Site 80,1-Jun-15,Enrolled,2
sample,80,Site 80,1-Jul-15,Enrolled,2
sample,81,Site 81,1-Aug-10,Enrolled,0
sample,81,Site 81,1-Sep-10,Enrolled,0
sample,81,Site 81,1-Oct-10,Enrolled,0
sample,81,Site 81,1-Nov-10,Enrolled,0
sample,81,Site 81,1-Dec-10,Enrolled,0
sample,81,Site 81,1-Jan-11,Enrolled,0
sample,81,Site 81,1-Feb-11,Enrolled,0
sample,81,Site 81,1-Mar-11,Enrolled,0
sample,81,Site 81,1-Apr-11,Enrolled,0
sample,81,Site 81,1-May-11,Enrolled,0
sample,81,Site 81,1-Jun-11,Enrolled,0
sample,81,Site 81,1-Jul-11,Enrolled,0
sample,81,Site 81,1-Aug-11,Enrolled,0
sample,81,Site 81,1-Sep-11,Enrolled,0
sample,81,Site 81,1-Oct-11,Enrolled,0
sample,81,Site 81,1-Nov-11,Enrolled,0
sample,81,Site 81,1-Dec-11,Enrolled,0
sample,81,Site 81,1-Jan-12,Enrolled,0
sample,81,Site 81,1-Feb-12,Enrolled,0
sample,81,Site 81,1-Mar-12,Enrolled,0
sample,81,Site 81,1-Apr-12,Enrolled,0
sample,81,Site 81,1-May-12,Enrolled,0
sample,81,Site 81,1-Jun-12,Enrolled,0
sample,81,Site 81,1-Jul-12,Enrolled,0
sample,81,Site 81,1-Aug-12,Enrolled,0
sample,81,Site 81,1-Sep-12,Enrolled,0
sample,81,Site 81,1-Oct-12,Enrolled,0
sample,81,Site 81,1-Nov-12,Enrolled,0
sample,81,Site 81,1-Dec-12,Enrolled,0
sample,81,Site 81,1-Jan-13,Enrolled,0
sample,81,Site 81,1-Feb-13,Enrolled,0
sample,81,Site 81,1-Mar-13,Enrolled,0
sample,81,Site 81,1-Apr-13,Enrolled,1
sample,81,Site 81,1-May-13,Enrolled,1
sample,81,Site 81,1-Jun-13,Enrolled,1
sample,81,Site 81,1-Jul-13,Enrolled,1
sample,81,Site 81,1-Aug-13,Enrolled,1
sample,81,Site 81,1-Sep-13,Enrolled,1
sample,81,Site 81,1-Oct-13,Enrolled,1
sample,81,Site 81,1-Nov-13,Enrolled,1
sample,81,Site 81,1-Dec-13,Enrolled,1
sample,81,Site 81,1-Jan-14,Enrolled,1
sample,81,Site 81,1-Feb-14,Enrolled,1
sample,81,Site 81,1-Mar-14,Enrolled,1
sample,81,Site 81,1-Apr-14,Enrolled,1
sample,81,Site 81,1-May-14,Enrolled,1
sample,81,Site 81,1-Jun-14,Enrolled,1
sample,81,Site 81,1-Jul-14,Enrolled,1
sample,81,Site 81,1-Aug-14,Enrolled,1
sample,81,Site 81,1-Sep-14,Enrolled,1
sample,81,Site 81,1-Oct-14,Enrolled,1
sample,81,Site 81,1-Nov-14,Enrolled,1
sample,81,Site 81,1-Dec-14,Enrolled,1
sample,81,Site 81,1-Jan-15,Enrolled,1
sample,81,Site 81,1-Feb-15,Enrolled,1
sample,81,Site 81,1-Mar-15,Enrolled,1
sample,81,Site 81,1-Apr-15,Enrolled,1
sample,81,Site 81,1-May-15,Enrolled,1
sample,81,Site 81,1-Jun-15,Enrolled,1
sample,81,Site 81,1-Jul-15,Enrolled,1
sample,82,Site 82,1-Aug-10,Enrolled,0
sample,82,Site 82,1-Sep-10,Enrolled,0
sample,82,Site 82,1-Oct-10,Enrolled,0
sample,82,Site 82,1-Nov-10,Enrolled,0
sample,82,Site 82,1-Dec-10,Enrolled,0
sample,82,Site 82,1-Jan-11,Enrolled,0
sample,82,Site 82,1-Feb-11,Enrolled,0
sample,82,Site 82,1-Mar-11,Enrolled,0
sample,82,Site 82,1-Apr-11,Enrolled,0
sample,82,Site 82,1-May-11,Enrolled,0
sample,82,Site 82,1-Jun-11,Enrolled,0
sample,82,Site 82,1-Jul-11,Enrolled,0
sample,82,Site 82,1-Aug-11,Enrolled,0
sample,82,Site 82,1-Sep-11,Enrolled,0
sample,82,Site 82,1-Oct-11,Enrolled,0
sample,82,Site 82,1-Nov-11,Enrolled,0
sample,82,Site 82,1-Dec-11,Enrolled,0
sample,82,Site 82,1-Jan-12,Enrolled,0
sample,82,Site 82,1-Feb-12,Enrolled,0
sample,82,Site 82,1-Mar-12,Enrolled,0
sample,82,Site 82,1-Apr-12,Enrolled,0
sample,82,Site 82,1-May-12,Enrolled,0
sample,82,Site 82,1-Jun-12,Enrolled,0
sample,82,Site 82,1-Jul-12,Enrolled,0
sample,82,Site 82,1-Aug-12,Enrolled,0
sample,82,Site 82,1-Sep-12,Enrolled,0
sample,82,Site 82,1-Oct-12,Enrolled,0
sample,82,Site 82,1-Nov-12,Enrolled,0
sample,82,Site 82,1-Dec-12,Enrolled,0
sample,82,Site 82,1-Jan-13,Enrolled,0
sample,82,Site 82,1-Feb-13,Enrolled,0
sample,82,Site 82,1-Mar-13,Enrolled,0
sample,82,Site 82,1-Apr-13,Enrolled,0
sample,82,Site 82,1-May-13,Enrolled,0
sample,82,Site 82,1-Jun-13,Enrolled,0
sample,82,Site 82,1-Jul-13,Enrolled,0
sample,82,Site 82,1-Aug-13,Enrolled,0
sample,82,Site 82,1-Sep-13,Enrolled,1
sample,82,Site 82,1-Oct-13,Enrolled,1
sample,82,Site 82,1-Nov-13,Enrolled,1
sample,82,Site 82,1-Dec-13,Enrolled,1
sample,82,Site 82,1-Jan-14,Enrolled,1
sample,82,Site 82,1-Feb-14,Enrolled,2
sample,82,Site 82,1-Mar-14,Enrolled,2
sample,82,Site 82,1-Apr-14,Enrolled,2
sample,82,Site 82,1-May-14,Enrolled,2
sample,82,Site 82,1-Jun-14,Enrolled,2
sample,82,Site 82,1-Jul-14,Enrolled,2
sample,82,Site 82,1-Aug-14,Enrolled,2
sample,82,Site 82,1-Sep-14,Enrolled,2
sample,82,Site 82,1-Oct-14,Enrolled,2
sample,82,Site 82,1-Nov-14,Enrolled,2
sample,82,Site 82,1-Dec-14,Enrolled,2
sample,82,Site 82,1-Jan-15,Enrolled,2
sample,82,Site 82,1-Feb-15,Enrolled,2
sample,82,Site 82,1-Mar-15,Enrolled,2
sample,82,Site 82,1-Apr-15,Enrolled,2
sample,82,Site 82,1-May-15,Enrolled,2
sample,82,Site 82,1-Jun-15,Enrolled,2
sample,82,Site 82,1-Jul-15,Enrolled,2
sample,83,Site 83,1-Aug-10,Enrolled,0
sample,83,Site 83,1-Sep-10,Enrolled,0
sample,83,Site 83,1-Oct-10,Enrolled,0
sample,83,Site 83,1-Nov-10,Enrolled,0
sample,83,Site 83,1-Dec-10,Enrolled,0
sample,83,Site 83,1-Jan-11,Enrolled,0
sample,83,Site 83,1-Feb-11,Enrolled,0
sample,83,Site 83,1-Mar-11,Enrolled,0
sample,83,Site 83,1-Apr-11,Enrolled,0
sample,83,Site 83,1-May-11,Enrolled,0
sample,83,Site 83,1-Jun-11,Enrolled,0
sample,83,Site 83,1-Jul-11,Enrolled,0
sample,83,Site 83,1-Aug-11,Enrolled,0
sample,83,Site 83,1-Sep-11,Enrolled,0
sample,83,Site 83,1-Oct-11,Enrolled,0
sample,83,Site 83,1-Nov-11,Enrolled,0
sample,83,Site 83,1-Dec-11,Enrolled,0
sample,83,Site 83,1-Jan-12,Enrolled,0
sample,83,Site 83,1-Feb-12,Enrolled,0
sample,83,Site 83,1-Mar-12,Enrolled,0
sample,83,Site 83,1-Apr-12,Enrolled,0
sample,83,Site 83,1-May-12,Enrolled,0
sample,83,Site 83,1-Jun-12,Enrolled,0
sample,83,Site 83,1-Jul-12,Enrolled,0
sample,83,Site 83,1-Aug-12,Enrolled,0
sample,83,Site 83,1-Sep-12,Enrolled,0
sample,83,Site 83,1-Oct-12,Enrolled,0
sample,83,Site 83,1-Nov-12,Enrolled,0
sample,83,Site 83,1-Dec-12,Enrolled,0
sample,83,Site 83,1-Jan-13,Enrolled,0
sample,83,Site 83,1-Feb-13,Enrolled,0
sample,83,Site 83,1-Mar-13,Enrolled,0
sample,83,Site 83,1-Apr-13,Enrolled,0
sample,83,Site 83,1-May-13,Enrolled,0
sample,83,Site 83,1-Jun-13,Enrolled,0
sample,83,Site 83,1-Jul-13,Enrolled,0
sample,83,Site 83,1-Aug-13,Enrolled,0
sample,83,Site 83,1-Sep-13,Enrolled,0
sample,83,Site 83,1-Oct-13,Enrolled,0
sample,83,Site 83,1-Nov-13,Enrolled,0
sample,83,Site 83,1-Dec-13,Enrolled,0
sample,83,Site 83,1-Jan-14,Enrolled,0
sample,83,Site 83,1-Feb-14,Enrolled,0
sample,83,Site 83,1-Mar-14,Enrolled,0
sample,83,Site 83,1-Apr-14,Enrolled,0
sample,83,Site 83,1-May-14,Enrolled,0
sample,83,Site 83,1-Jun-14,Enrolled,0
sample,83,Site 83,1-Jul-14,Enrolled,0
sample,83,Site 83,1-Aug-14,Enrolled,0
sample,83,Site 83,1-Sep-14,Enrolled,0
sample,83,Site 83,1-Oct-14,Enrolled,0
sample,83,Site 83,1-Nov-14,Enrolled,0
sample,83,Site 83,1-Dec-14,Enrolled,0
sample,83,Site 83,1-Jan-15,Enrolled,0
sample,83,Site 83,1-Feb-15,Enrolled,0
sample,83,Site 83,1-Mar-15,Enrolled,0
sample,83,Site 83,1-Apr-15,Enrolled,0
sample,83,Site 83,1-May-15,Enrolled,0
sample,83,Site 83,1-Jun-15,Enrolled,0
sample,83,Site 83,1-Jul-15,Enrolled,0
sample,84,Site 84,1-Aug-10,Enrolled,0
sample,84,Site 84,1-Sep-10,Enrolled,0
sample,84,Site 84,1-Oct-10,Enrolled,0
sample,84,Site 84,1-Nov-10,Enrolled,0
sample,84,Site 84,1-Dec-10,Enrolled,0
sample,84,Site 84,1-Jan-11,Enrolled,0
sample,84,Site 84,1-Feb-11,Enrolled,0
sample,84,Site 84,1-Mar-11,Enrolled,0
sample,84,Site 84,1-Apr-11,Enrolled,0
sample,84,Site 84,1-May-11,Enrolled,0
sample,84,Site 84,1-Jun-11,Enrolled,0
sample,84,Site 84,1-Jul-11,Enrolled,0
sample,84,Site 84,1-Aug-11,Enrolled,0
sample,84,Site 84,1-Sep-11,Enrolled,0
sample,84,Site 84,1-Oct-11,Enrolled,0
sample,84,Site 84,1-Nov-11,Enrolled,0
sample,84,Site 84,1-Dec-11,Enrolled,0
sample,84,Site 84,1-Jan-12,Enrolled,0
sample,84,Site 84,1-Feb-12,Enrolled,0
sample,84,Site 84,1-Mar-12,Enrolled,0
sample,84,Site 84,1-Apr-12,Enrolled,0
sample,84,Site 84,1-May-12,Enrolled,0
sample,84,Site 84,1-Jun-12,Enrolled,0
sample,84,Site 84,1-Jul-12,Enrolled,0
sample,84,Site 84,1-Aug-12,Enrolled,0
sample,84,Site 84,1-Sep-12,Enrolled,0
sample,84,Site 84,1-Oct-12,Enrolled,0
sample,84,Site 84,1-Nov-12,Enrolled,0
sample,84,Site 84,1-Dec-12,Enrolled,0
sample,84,Site 84,1-Jan-13,Enrolled,0
sample,84,Site 84,1-Feb-13,Enrolled,0
sample,84,Site 84,1-Mar-13,Enrolled,0
sample,84,Site 84,1-Apr-13,Enrolled,0
sample,84,Site 84,1-May-13,Enrolled,0
sample,84,Site 84,1-Jun-13,Enrolled,0
sample,84,Site 84,1-Jul-13,Enrolled,0
sample,84,Site 84,1-Aug-13,Enrolled,0
sample,84,Site 84,1-Sep-13,Enrolled,0
sample,84,Site 84,1-Oct-13,Enrolled,0
sample,84,Site 84,1-Nov-13,Enrolled,0
sample,84,Site 84,1-Dec-13,Enrolled,0
sample,84,Site 84,1-Jan-14,Enrolled,0
sample,84,Site 84,1-Feb-14,Enrolled,0
sample,84,Site 84,1-Mar-14,Enrolled,0
sample,84,Site 84,1-Apr-14,Enrolled,0
sample,84,Site 84,1-May-14,Enrolled,0
sample,84,Site 84,1-Jun-14,Enrolled,0
sample,84,Site 84,1-Jul-14,Enrolled,0
sample,84,Site 84,1-Aug-14,Enrolled,0
sample,84,Site 84,1-Sep-14,Enrolled,0
sample,84,Site 84,1-Oct-14,Enrolled,0
sample,84,Site 84,1-Nov-14,Enrolled,0
sample,84,Site 84,1-Dec-14,Enrolled,0
sample,84,Site 84,1-Jan-15,Enrolled,0
sample,84,Site 84,1-Feb-15,Enrolled,0
sample,84,Site 84,1-Mar-15,Enrolled,0
sample,84,Site 84,1-Apr-15,Enrolled,0
sample,84,Site 84,1-May-15,Enrolled,0
sample,84,Site 84,1-Jun-15,Enrolled,0
sample,84,Site 84,1-Jul-15,Enrolled,0
sample,90,Site 90,1-Aug-10,Enrolled,0
sample,90,Site 90,1-Sep-10,Enrolled,0
sample,90,Site 90,1-Oct-10,Enrolled,0
sample,90,Site 90,1-Nov-10,Enrolled,0
sample,90,Site 90,1-Dec-10,Enrolled,0
sample,90,Site 90,1-Jan-11,Enrolled,0
sample,90,Site 90,1-Feb-11,Enrolled,0
sample,90,Site 90,1-Mar-11,Enrolled,0
sample,90,Site 90,1-Apr-11,Enrolled,0
sample,90,Site 90,1-May-11,Enrolled,0
sample,90,Site 90,1-Jun-11,Enrolled,0
sample,90,Site 90,1-Jul-11,Enrolled,0
sample,90,Site 90,1-Aug-11,Enrolled,0
sample,90,Site 90,1-Sep-11,Enrolled,0
sample,90,Site 90,1-Oct-11,Enrolled,0
sample,90,Site 90,1-Nov-11,Enrolled,0
sample,90,Site 90,1-Dec-11,Enrolled,0
sample,90,Site 90,1-Jan-12,Enrolled,0
sample,90,Site 90,1-Feb-12,Enrolled,0
sample,90,Site 90,1-Mar-12,Enrolled,0
sample,90,Site 90,1-Apr-12,Enrolled,0
sample,90,Site 90,1-May-12,Enrolled,0
sample,90,Site 90,1-Jun-12,Enrolled,0
sample,90,Site 90,1-Jul-12,Enrolled,0
sample,90,Site 90,1-Aug-12,Enrolled,0
sample,90,Site 90,1-Sep-12,Enrolled,0
sample,90,Site 90,1-Oct-12,Enrolled,0
sample,90,Site 90,1-Nov-12,Enrolled,0
sample,90,Site 90,1-Dec-12,Enrolled,0
sample,90,Site 90,1-Jan-13,Enrolled,0
sample,90,Site 90,1-Feb-13,Enrolled,0
sample,90,Site 90,1-Mar-13,Enrolled,0
sample,90,Site 90,1-Apr-13,Enrolled,0
sample,90,Site 90,1-May-13,Enrolled,0
sample,90,Site 90,1-Jun-13,Enrolled,0
sample,90,Site 90,1-Jul-13,Enrolled,0
sample,90,Site 90,1-Aug-13,Enrolled,0
sample,90,Site 90,1-Sep-13,Enrolled,0
sample,90,Site 90,1-Oct-13,Enrolled,0
sample,90,Site 90,1-Nov-13,Enrolled,0
sample,90,Site 90,1-Dec-13,Enrolled,0
sample,90,Site 90,1-Jan-14,Enrolled,0
sample,90,Site 90,1-Feb-14,Enrolled,1
sample,90,Site 90,1-Mar-14,Enrolled,1
sample,90,Site 90,1-Apr-14,Enrolled,1
sample,90,Site 90,1-May-14,Enrolled,1
sample,90,Site 90,1-Jun-14,Enrolled,1
sample,90,Site 90,1-Jul-14,Enrolled,1
sample,90,Site 90,1-Aug-14,Enrolled,1
sample,90,Site 90,1-Sep-14,Enrolled,1
sample,90,Site 90,1-Oct-14,Enrolled,1
sample,90,Site 90,1-Nov-14,Enrolled,1
sample,90,Site 90,1-Dec-14,Enrolled,1
sample,90,Site 90,1-Jan-15,Enrolled,1
sample,90,Site 90,1-Feb-15,Enrolled,1
sample,90,Site 90,1-Mar-15,Enrolled,1
sample,90,Site 90,1-Apr-15,Enrolled,1
sample,90,Site 90,1-May-15,Enrolled,1
sample,90,Site 90,1-Jun-15,Enrolled,1
sample,90,Site 90,1-Jul-15,Enrolled,1
sample,95,Site 95,1-Aug-10,Enrolled,0
sample,95,Site 95,1-Sep-10,Enrolled,0
sample,95,Site 95,1-Oct-10,Enrolled,0
sample,95,Site 95,1-Nov-10,Enrolled,0
sample,95,Site 95,1-Dec-10,Enrolled,0
sample,95,Site 95,1-Jan-11,Enrolled,0
sample,95,Site 95,1-Feb-11,Enrolled,0
sample,95,Site 95,1-Mar-11,Enrolled,0
sample,95,Site 95,1-Apr-11,Enrolled,0
sample,95,Site 95,1-May-11,Enrolled,0
sample,95,Site 95,1-Jun-11,Enrolled,0
sample,95,Site 95,1-Jul-11,Enrolled,0
sample,95,Site 95,1-Aug-11,Enrolled,0
sample,95,Site 95,1-Sep-11,Enrolled,0
sample,95,Site 95,1-Oct-11,Enrolled,0
sample,95,Site 95,1-Nov-11,Enrolled,0
sample,95,Site 95,1-Dec-11,Enrolled,0
sample,95,Site 95,1-Jan-12,Enrolled,0
sample,95,Site 95,1-Feb-12,Enrolled,0
sample,95,Site 95,1-Mar-12,Enrolled,0
sample,95,Site 95,1-Apr-12,Enrolled,0
sample,95,Site 95,1-May-12,Enrolled,0
sample,95,Site 95,1-Jun-12,Enrolled,0
sample,95,Site 95,1-Jul-12,Enrolled,0
sample,95,Site 95,1-Aug-12,Enrolled,0
sample,95,Site 95,1-Sep-12,Enrolled,0
sample,95,Site 95,1-Oct-12,Enrolled,0
sample,95,Site 95,1-Nov-12,Enrolled,0
sample,95,Site 95,1-Dec-12,Enrolled,0
sample,95,Site 95,1-Jan-13,Enrolled,0
sample,95,Site 95,1-Feb-13,Enrolled,0
sample,95,Site 95,1-Mar-13,Enrolled,0
sample,95,Site 95,1-Apr-13,Enrolled,0
sample,95,Site 95,1-May-13,Enrolled,0
sample,95,Site 95,1-Jun-13,Enrolled,0
sample,95,Site 95,1-Jul-13,Enrolled,0
sample,95,Site 95,1-Aug-13,Enrolled,0
sample,95,Site 95,1-Sep-13,Enrolled,0
sample,95,Site 95,1-Oct-13,Enrolled,0
sample,95,Site 95,1-Nov-13,Enrolled,0
sample,95,Site 95,1-Dec-13,Enrolled,0
sample,95,Site 95,1-Jan-14,Enrolled,0
sample,95,Site 95,1-Feb-14,Enrolled,0
sample,95,Site 95,1-Mar-14,Enrolled,0
sample,95,Site 95,1-Apr-14,Enrolled,0
sample,95,Site 95,1-May-14,Enrolled,0
sample,95,Site 95,1-Jun-14,Enrolled,0
sample,95,Site 95,1-Jul-14,Enrolled,0
sample,95,Site 95,1-Aug-14,Enrolled,0
sample,95,Site 95,1-Sep-14,Enrolled,0
sample,95,Site 95,1-Oct-14,Enrolled,0
sample,95,Site 95,1-Nov-14,Enrolled,0
sample,95,Site 95,1-Dec-14,Enrolled,0
sample,95,Site 95,1-Jan-15,Enrolled,0
sample,95,Site 95,1-Feb-15,Enrolled,0
sample,95,Site 95,1-Mar-15,Enrolled,0
sample,95,Site 95,1-Apr-15,Enrolled,0
sample,95,Site 95,1-May-15,Enrolled,1
sample,95,Site 95,1-Jun-15,Enrolled,1
sample,95,Site 95,1-Jul-15,Enrolled,1
