STUDYID,SITEID,SITENAME,CAT
sample,2,Site 2,Resolved
sample,2,Site 2,Resolved
sample,2,Site 2,Resolved
sample,2,Site 2,Resolved
sample,2,Site 2,Resolved
sample,2,Site 2,Resolved
sample,2,Site 2,Resolved
sample,2,Site 2,Resolved
sample,8,Site 8,Resolved
sample,9,Site 9,Resolved
sample,9,Site 9,Resolved
sample,9,Site 9,Resolved
sample,9,Site 9,Resolved
sample,9,Site 9,Resolved
sample,9,Site 9,Resolved
sample,9,Site 9,Resolved
sample,9,Site 9,Resolved
sample,9,Site 9,Resolved
sample,9,Site 9,Resolved
sample,9,Site 9,Resolved
sample,9,Site 9,Resolved
sample,10,Site 10,Resolved
sample,10,Site 10,Resolved
sample,10,Site 10,Resolved
sample,10,Site 10,Resolved
sample,10,Site 10,Resolved
sample,10,Site 10,Resolved
sample,55,Site 55,Resolved
sample,55,Site 55,Resolved
sample,70,Site 70,Resolved
sample,70,Site 70,Resolved
sample,70,Site 70,Resolved
sample,70,Site 70,Resolved
sample,70,Site 70,Resolved
sample,70,Site 70,Resolved
sample,70,Site 70,Resolved
sample,70,Site 70,Resolved
sample,70,Site 70,Resolved
sample,70,Site 70,Resolved
sample,70,Site 70,Resolved
sample,70,Site 70,Resolved
sample,70,Site 70,Resolved
sample,70,Site 70,Resolved
sample,70,Site 70,Resolved
sample,70,Site 70,Resolved
sample,70,Site 70,Resolved
sample,70,Site 70,Resolved
sample,70,Site 70,Resolved
sample,82,Site 82,Resolved
sample,82,Site 82,Resolved
sample,82,Site 82,Resolved
sample,82,Site 82,Resolved
sample,82,Site 82,Resolved
sample,82,Site 82,Resolved
sample,2,Site 2,Resolved
sample,2,Site 2,Resolved
sample,2,Site 2,Resolved
sample,2,Site 2,Resolved
sample,2,Site 2,Resolved
sample,2,Site 2,Resolved
sample,2,Site 2,Resolved
sample,2,Site 2,Resolved
sample,2,Site 2,Resolved
sample,2,Site 2,Resolved
sample,2,Site 2,Resolved
sample,2,Site 2,Resolved
sample,2,Site 2,Resolved
sample,2,Site 2,Resolved
sample,2,Site 2,Resolved
sample,2,Site 2,Resolved
sample,2,Site 2,Resolved
sample,2,Site 2,Resolved
sample,2,Site 2,Resolved
sample,2,Site 2,Resolved
sample,2,Site 2,Resolved
sample,2,Site 2,Resolved
sample,2,Site 2,Resolved
sample,2,Site 2,Resolved
sample,2,Site 2,Resolved
sample,2,Site 2,Resolved
sample,2,Site 2,Resolved
sample,2,Site 2,Resolved
sample,2,Site 2,Resolved
sample,2,Site 2,Resolved
sample,2,Site 2,Resolved
sample,2,Site 2,Resolved
sample,2,Site 2,Resolved
sample,2,Site 2,Resolved
sample,2,Site 2,Resolved
sample,2,Site 2,Resolved
sample,2,Site 2,Resolved
sample,2,Site 2,Resolved
sample,2,Site 2,Resolved
sample,2,Site 2,Resolved
sample,2,Site 2,Resolved
sample,2,Site 2,Resolved
sample,2,Site 2,Resolved
sample,2,Site 2,Resolved
sample,2,Site 2,Resolved
sample,2,Site 2,Resolved
sample,2,Site 2,Resolved
sample,2,Site 2,Resolved
sample,2,Site 2,Resolved
sample,2,Site 2,Resolved
sample,2,Site 2,Resolved
sample,2,Site 2,Resolved
sample,2,Site 2,Resolved
sample,2,Site 2,Resolved
sample,2,Site 2,Resolved
sample,2,Site 2,Resolved
sample,2,Site 2,Resolved
sample,2,Site 2,Resolved
sample,2,Site 2,Resolved
sample,2,Site 2,Resolved
sample,2,Site 2,Resolved
sample,2,Site 2,Resolved
sample,2,Site 2,Resolved
sample,2,Site 2,Resolved
sample,2,Site 2,Resolved
sample,2,Site 2,Resolved
sample,2,Site 2,Resolved
sample,2,Site 2,Resolved
sample,2,Site 2,Resolved
sample,2,Site 2,Resolved
sample,2,Site 2,Resolved
sample,2,Site 2,Resolved
sample,2,Site 2,Resolved
sample,2,Site 2,Resolved
sample,2,Site 2,Resolved
sample,2,Site 2,Resolved
sample,2,Site 2,Resolved
sample,2,Site 2,Resolved
sample,2,Site 2,Resolved
sample,2,Site 2,Resolved
sample,2,Site 2,Resolved
sample,2,Site 2,Resolved
sample,2,Site 2,Resolved
sample,2,Site 2,Resolved
sample,2,Site 2,Resolved
sample,2,Site 2,Resolved
sample,2,Site 2,Resolved
sample,2,Site 2,Resolved
sample,2,Site 2,Resolved
sample,2,Site 2,Resolved
sample,2,Site 2,Resolved
sample,2,Site 2,Resolved
sample,2,Site 2,Resolved
sample,2,Site 2,Resolved
sample,2,Site 2,Resolved
sample,2,Site 2,Resolved
sample,2,Site 2,Resolved
sample,2,Site 2,Resolved
sample,2,Site 2,Resolved
sample,2,Site 2,Resolved
sample,2,Site 2,Resolved
sample,2,Site 2,Resolved
sample,2,Site 2,Resolved
sample,2,Site 2,Resolved
sample,2,Site 2,Resolved
sample,2,Site 2,Resolved
sample,2,Site 2,Resolved
sample,2,Site 2,Resolved
sample,2,Site 2,Resolved
sample,2,Site 2,Resolved
sample,2,Site 2,Resolved
sample,2,Site 2,Resolved
sample,2,Site 2,Resolved
sample,2,Site 2,Resolved
sample,2,Site 2,Resolved
sample,2,Site 2,Resolved
sample,2,Site 2,Resolved
sample,2,Site 2,Resolved
sample,2,Site 2,Resolved
sample,2,Site 2,Resolved
sample,2,Site 2,Resolved
sample,2,Site 2,Resolved
sample,2,Site 2,Resolved
sample,2,Site 2,Resolved
sample,2,Site 2,Resolved
sample,2,Site 2,Resolved
sample,2,Site 2,Resolved
sample,2,Site 2,Resolved
sample,2,Site 2,Resolved
sample,2,Site 2,Resolved
sample,2,Site 2,Resolved
sample,2,Site 2,Resolved
sample,2,Site 2,Resolved
sample,2,Site 2,Resolved
sample,2,Site 2,Resolved
sample,2,Site 2,Resolved
sample,2,Site 2,Resolved
sample,2,Site 2,Resolved
sample,2,Site 2,Resolved
sample,2,Site 2,Resolved
sample,2,Site 2,Resolved
sample,2,Site 2,Resolved
sample,2,Site 2,Resolved
sample,2,Site 2,Resolved
sample,2,Site 2,Resolved
sample,2,Site 2,Resolved
sample,2,Site 2,Resolved
sample,2,Site 2,Resolved
sample,2,Site 2,Resolved
sample,2,Site 2,Resolved
sample,2,Site 2,Resolved
sample,2,Site 2,Resolved
sample,2,Site 2,Resolved
sample,2,Site 2,Resolved
sample,2,Site 2,Resolved
sample,2,Site 2,Resolved
sample,2,Site 2,Resolved
sample,2,Site 2,Resolved
sample,2,Site 2,Resolved
sample,2,Site 2,Resolved
sample,2,Site 2,Resolved
sample,2,Site 2,Resolved
sample,2,Site 2,Resolved
sample,2,Site 2,Resolved
sample,2,Site 2,Resolved
sample,2,Site 2,Resolved
sample,2,Site 2,Resolved
sample,2,Site 2,Resolved
sample,2,Site 2,Resolved
sample,2,Site 2,Resolved
sample,2,Site 2,Resolved
sample,2,Site 2,Resolved
sample,2,Site 2,Resolved
sample,2,Site 2,Resolved
sample,2,Site 2,Resolved
sample,2,Site 2,Resolved
sample,2,Site 2,Resolved
sample,2,Site 2,Resolved
sample,2,Site 2,Resolved
sample,2,Site 2,Resolved
sample,2,Site 2,Resolved
sample,2,Site 2,Resolved
sample,2,Site 2,Outstanding > 90 days
sample,2,Site 2,Outstanding <= 90 days
sample,2,Site 2,Outstanding <= 90 days
sample,2,Site 2,Outstanding <= 90 days
sample,2,Site 2,Outstanding <= 90 days
sample,2,Site 2,Outstanding <= 90 days
sample,8,Site 8,Resolved
sample,8,Site 8,Resolved
sample,8,Site 8,Resolved
sample,8,Site 8,Resolved
sample,8,Site 8,Resolved
sample,8,Site 8,Resolved
sample,8,Site 8,Resolved
sample,8,Site 8,Resolved
sample,8,Site 8,Resolved
sample,8,Site 8,Resolved
sample,8,Site 8,Resolved
sample,8,Site 8,Resolved
sample,8,Site 8,Resolved
sample,8,Site 8,Resolved
sample,8,Site 8,Resolved
sample,8,Site 8,Resolved
sample,8,Site 8,Resolved
sample,8,Site 8,Resolved
sample,8,Site 8,Resolved
sample,8,Site 8,Resolved
sample,8,Site 8,Resolved
sample,8,Site 8,Resolved
sample,8,Site 8,Resolved
sample,8,Site 8,Resolved
sample,8,Site 8,Resolved
sample,8,Site 8,Resolved
sample,8,Site 8,Resolved
sample,8,Site 8,Resolved
sample,8,Site 8,Resolved
sample,8,Site 8,Resolved
sample,8,Site 8,Resolved
sample,8,Site 8,Resolved
sample,8,Site 8,Resolved
sample,8,Site 8,Resolved
sample,8,Site 8,Resolved
sample,8,Site 8,Resolved
sample,8,Site 8,Resolved
sample,8,Site 8,Resolved
sample,8,Site 8,Resolved
sample,8,Site 8,Resolved
sample,8,Site 8,Resolved
sample,8,Site 8,Resolved
sample,8,Site 8,Resolved
sample,8,Site 8,Resolved
sample,8,Site 8,Resolved
sample,8,Site 8,Resolved
sample,8,Site 8,Resolved
sample,8,Site 8,Resolved
sample,8,Site 8,Resolved
sample,8,Site 8,Resolved
sample,8,Site 8,Resolved
sample,8,Site 8,Resolved
sample,8,Site 8,Resolved
sample,8,Site 8,Resolved
sample,8,Site 8,Resolved
sample,8,Site 8,Resolved
sample,8,Site 8,Resolved
sample,8,Site 8,Resolved
sample,8,Site 8,Resolved
sample,8,Site 8,Resolved
sample,8,Site 8,Resolved
sample,8,Site 8,Resolved
sample,8,Site 8,Resolved
sample,8,Site 8,Resolved
sample,8,Site 8,Resolved
sample,8,Site 8,Resolved
sample,8,Site 8,Resolved
sample,8,Site 8,Resolved
sample,8,Site 8,Resolved
sample,8,Site 8,Resolved
sample,8,Site 8,Resolved
sample,8,Site 8,Resolved
sample,8,Site 8,Resolved
sample,8,Site 8,Resolved
sample,8,Site 8,Resolved
sample,8,Site 8,Resolved
sample,8,Site 8,Resolved
sample,8,Site 8,Resolved
sample,8,Site 8,Resolved
sample,9,Site 9,Resolved
sample,9,Site 9,Resolved
sample,9,Site 9,Resolved
sample,9,Site 9,Resolved
sample,9,Site 9,Resolved
sample,9,Site 9,Resolved
sample,9,Site 9,Resolved
sample,9,Site 9,Resolved
sample,9,Site 9,Resolved
sample,9,Site 9,Resolved
sample,9,Site 9,Resolved
sample,9,Site 9,Resolved
sample,9,Site 9,Resolved
sample,9,Site 9,Resolved
sample,9,Site 9,Resolved
sample,9,Site 9,Resolved
sample,9,Site 9,Resolved
sample,9,Site 9,Resolved
sample,9,Site 9,Resolved
sample,9,Site 9,Resolved
sample,9,Site 9,Resolved
sample,9,Site 9,Resolved
sample,9,Site 9,Resolved
sample,9,Site 9,Resolved
sample,9,Site 9,Resolved
sample,9,Site 9,Resolved
sample,9,Site 9,Resolved
sample,9,Site 9,Resolved
sample,9,Site 9,Resolved
sample,9,Site 9,Resolved
sample,9,Site 9,Resolved
sample,9,Site 9,Resolved
sample,9,Site 9,Resolved
sample,9,Site 9,Resolved
sample,9,Site 9,Resolved
sample,9,Site 9,Resolved
sample,9,Site 9,Resolved
sample,9,Site 9,Resolved
sample,9,Site 9,Resolved
sample,9,Site 9,Resolved
sample,9,Site 9,Resolved
sample,9,Site 9,Resolved
sample,9,Site 9,Resolved
sample,9,Site 9,Resolved
sample,9,Site 9,Resolved
sample,9,Site 9,Resolved
sample,9,Site 9,Resolved
sample,9,Site 9,Resolved
sample,9,Site 9,Resolved
sample,9,Site 9,Resolved
sample,9,Site 9,Resolved
sample,9,Site 9,Resolved
sample,9,Site 9,Resolved
sample,9,Site 9,Resolved
sample,9,Site 9,Resolved
sample,9,Site 9,Resolved
sample,9,Site 9,Resolved
sample,9,Site 9,Resolved
sample,9,Site 9,Resolved
sample,9,Site 9,Resolved
sample,9,Site 9,Resolved
sample,9,Site 9,Resolved
sample,9,Site 9,Resolved
sample,9,Site 9,Resolved
sample,9,Site 9,Resolved
sample,9,Site 9,Resolved
sample,9,Site 9,Resolved
sample,9,Site 9,Resolved
sample,9,Site 9,Resolved
sample,9,Site 9,Resolved
sample,9,Site 9,Resolved
sample,9,Site 9,Resolved
sample,9,Site 9,Resolved
sample,9,Site 9,Resolved
sample,9,Site 9,Resolved
sample,9,Site 9,Resolved
sample,9,Site 9,Resolved
sample,9,Site 9,Resolved
sample,9,Site 9,Resolved
sample,9,Site 9,Resolved
sample,9,Site 9,Resolved
sample,9,Site 9,Resolved
sample,9,Site 9,Resolved
sample,9,Site 9,Resolved
sample,9,Site 9,Resolved
sample,9,Site 9,Resolved
sample,9,Site 9,Resolved
sample,9,Site 9,Resolved
sample,9,Site 9,Resolved
sample,9,Site 9,Resolved
sample,9,Site 9,Resolved
sample,9,Site 9,Resolved
sample,9,Site 9,Resolved
sample,9,Site 9,Resolved
sample,9,Site 9,Resolved
sample,9,Site 9,Resolved
sample,9,Site 9,Resolved
sample,9,Site 9,Resolved
sample,9,Site 9,Resolved
sample,9,Site 9,Resolved
sample,9,Site 9,Resolved
sample,9,Site 9,Resolved
sample,9,Site 9,Resolved
sample,9,Site 9,Resolved
sample,9,Site 9,Resolved
sample,9,Site 9,Resolved
sample,9,Site 9,Resolved
sample,9,Site 9,Resolved
sample,9,Site 9,Resolved
sample,9,Site 9,Resolved
sample,9,Site 9,Resolved
sample,9,Site 9,Resolved
sample,9,Site 9,Resolved
sample,9,Site 9,Resolved
sample,9,Site 9,Resolved
sample,9,Site 9,Resolved
sample,9,Site 9,Resolved
sample,9,Site 9,Resolved
sample,9,Site 9,Resolved
sample,9,Site 9,Resolved
sample,9,Site 9,Resolved
sample,9,Site 9,Resolved
sample,9,Site 9,Resolved
sample,9,Site 9,Resolved
sample,9,Site 9,Resolved
sample,9,Site 9,Resolved
sample,9,Site 9,Resolved
sample,9,Site 9,Resolved
sample,9,Site 9,Resolved
sample,9,Site 9,Resolved
sample,9,Site 9,Resolved
sample,9,Site 9,Resolved
sample,9,Site 9,Resolved
sample,9,Site 9,Resolved
sample,9,Site 9,Resolved
sample,9,Site 9,Resolved
sample,9,Site 9,Resolved
sample,9,Site 9,Resolved
sample,9,Site 9,Resolved
sample,9,Site 9,Resolved
sample,9,Site 9,Resolved
sample,9,Site 9,Resolved
sample,9,Site 9,Resolved
sample,9,Site 9,Resolved
sample,9,Site 9,Resolved
sample,9,Site 9,Resolved
sample,9,Site 9,Resolved
sample,9,Site 9,Resolved
sample,9,Site 9,Resolved
sample,9,Site 9,Resolved
sample,9,Site 9,Resolved
sample,9,Site 9,Resolved
sample,9,Site 9,Resolved
sample,9,Site 9,Resolved
sample,9,Site 9,Resolved
sample,9,Site 9,Resolved
sample,9,Site 9,Resolved
sample,9,Site 9,Resolved
sample,9,Site 9,Resolved
sample,9,Site 9,Resolved
sample,9,Site 9,Resolved
sample,9,Site 9,Resolved
sample,9,Site 9,Resolved
sample,9,Site 9,Resolved
sample,9,Site 9,Resolved
sample,9,Site 9,Resolved
sample,9,Site 9,Resolved
sample,9,Site 9,Resolved
sample,9,Site 9,Resolved
sample,9,Site 9,Resolved
sample,9,Site 9,Resolved
sample,9,Site 9,Resolved
sample,9,Site 9,Resolved
sample,9,Site 9,Resolved
sample,9,Site 9,Resolved
sample,9,Site 9,Resolved
sample,9,Site 9,Resolved
sample,9,Site 9,Resolved
sample,9,Site 9,Resolved
sample,9,Site 9,Resolved
sample,9,Site 9,Resolved
sample,9,Site 9,Resolved
sample,9,Site 9,Resolved
sample,9,Site 9,Resolved
sample,9,Site 9,Resolved
sample,9,Site 9,Resolved
sample,9,Site 9,Resolved
sample,9,Site 9,Resolved
sample,9,Site 9,Resolved
sample,9,Site 9,Resolved
sample,9,Site 9,Resolved
sample,9,Site 9,Resolved
sample,9,Site 9,Resolved
sample,9,Site 9,Resolved
sample,9,Site 9,Resolved
sample,9,Site 9,Resolved
sample,9,Site 9,Resolved
sample,9,Site 9,Resolved
sample,9,Site 9,Resolved
sample,9,Site 9,Resolved
sample,9,Site 9,Resolved
sample,9,Site 9,Resolved
sample,9,Site 9,Resolved
sample,9,Site 9,Resolved
sample,9,Site 9,Resolved
sample,9,Site 9,Resolved
sample,9,Site 9,Resolved
sample,9,Site 9,Resolved
sample,9,Site 9,Resolved
sample,9,Site 9,Resolved
sample,9,Site 9,Resolved
sample,9,Site 9,Resolved
sample,9,Site 9,Resolved
sample,9,Site 9,Resolved
sample,9,Site 9,Resolved
sample,9,Site 9,Resolved
sample,9,Site 9,Resolved
sample,9,Site 9,Resolved
sample,9,Site 9,Resolved
sample,9,Site 9,Resolved
sample,9,Site 9,Resolved
sample,9,Site 9,Resolved
sample,9,Site 9,Resolved
sample,9,Site 9,Resolved
sample,9,Site 9,Resolved
sample,9,Site 9,Resolved
sample,9,Site 9,Resolved
sample,9,Site 9,Resolved
sample,9,Site 9,Resolved
sample,9,Site 9,Resolved
sample,9,Site 9,Resolved
sample,9,Site 9,Resolved
sample,9,Site 9,Resolved
sample,9,Site 9,Resolved
sample,9,Site 9,Resolved
sample,9,Site 9,Resolved
sample,9,Site 9,Resolved
sample,9,Site 9,Resolved
sample,9,Site 9,Resolved
sample,9,Site 9,Resolved
sample,9,Site 9,Resolved
sample,9,Site 9,Resolved
sample,9,Site 9,Resolved
sample,9,Site 9,Resolved
sample,9,Site 9,Resolved
sample,9,Site 9,Resolved
sample,9,Site 9,Resolved
sample,9,Site 9,Resolved
sample,9,Site 9,Resolved
sample,9,Site 9,Resolved
sample,9,Site 9,Resolved
sample,9,Site 9,Resolved
sample,9,Site 9,Resolved
sample,9,Site 9,Resolved
sample,9,Site 9,Resolved
sample,9,Site 9,Resolved
sample,9,Site 9,Resolved
sample,9,Site 9,Resolved
sample,9,Site 9,Resolved
sample,9,Site 9,Resolved
sample,9,Site 9,Resolved
sample,9,Site 9,Resolved
sample,9,Site 9,Resolved
sample,9,Site 9,Resolved
sample,9,Site 9,Resolved
sample,9,Site 9,Resolved
sample,9,Site 9,Resolved
sample,9,Site 9,Resolved
sample,9,Site 9,Resolved
sample,9,Site 9,Resolved
sample,9,Site 9,Resolved
sample,9,Site 9,Resolved
sample,9,Site 9,Resolved
sample,9,Site 9,Resolved
sample,9,Site 9,Resolved
sample,9,Site 9,Resolved
sample,9,Site 9,Resolved
sample,9,Site 9,Resolved
sample,9,Site 9,Resolved
sample,9,Site 9,Resolved
sample,9,Site 9,Resolved
sample,9,Site 9,Resolved
sample,9,Site 9,Resolved
sample,9,Site 9,Resolved
sample,9,Site 9,Resolved
sample,9,Site 9,Resolved
sample,9,Site 9,Resolved
sample,9,Site 9,Resolved
sample,9,Site 9,Resolved
sample,9,Site 9,Resolved
sample,9,Site 9,Resolved
sample,9,Site 9,Resolved
sample,9,Site 9,Resolved
sample,9,Site 9,Resolved
sample,9,Site 9,Resolved
sample,9,Site 9,Resolved
sample,9,Site 9,Resolved
sample,9,Site 9,Resolved
sample,9,Site 9,Resolved
sample,9,Site 9,Resolved
sample,9,Site 9,Resolved
sample,9,Site 9,Resolved
sample,9,Site 9,Resolved
sample,9,Site 9,Resolved
sample,9,Site 9,Resolved
sample,9,Site 9,Resolved
sample,9,Site 9,Resolved
sample,9,Site 9,Resolved
sample,9,Site 9,Resolved
sample,9,Site 9,Resolved
sample,9,Site 9,Resolved
sample,9,Site 9,Resolved
sample,9,Site 9,Resolved
sample,9,Site 9,Resolved
sample,9,Site 9,Resolved
sample,9,Site 9,Resolved
sample,9,Site 9,Resolved
sample,9,Site 9,Resolved
sample,9,Site 9,Resolved
sample,9,Site 9,Resolved
sample,9,Site 9,Resolved
sample,9,Site 9,Resolved
sample,9,Site 9,Resolved
sample,9,Site 9,Resolved
sample,9,Site 9,Resolved
sample,9,Site 9,Resolved
sample,9,Site 9,Resolved
sample,9,Site 9,Resolved
sample,9,Site 9,Resolved
sample,9,Site 9,Resolved
sample,9,Site 9,Resolved
sample,9,Site 9,Resolved
sample,9,Site 9,Resolved
sample,9,Site 9,Resolved
sample,9,Site 9,Resolved
sample,9,Site 9,Resolved
sample,9,Site 9,Resolved
sample,9,Site 9,Resolved
sample,9,Site 9,Resolved
sample,9,Site 9,Resolved
sample,9,Site 9,Resolved
sample,9,Site 9,Resolved
sample,9,Site 9,Resolved
sample,9,Site 9,Resolved
sample,9,Site 9,Resolved
sample,9,Site 9,Resolved
sample,9,Site 9,Resolved
sample,9,Site 9,Resolved
sample,9,Site 9,Resolved
sample,9,Site 9,Resolved
sample,9,Site 9,Resolved
sample,9,Site 9,Resolved
sample,9,Site 9,Resolved
sample,9,Site 9,Resolved
sample,9,Site 9,Resolved
sample,9,Site 9,Resolved
sample,9,Site 9,Resolved
sample,9,Site 9,Resolved
sample,9,Site 9,Resolved
sample,9,Site 9,Resolved
sample,9,Site 9,Resolved
sample,9,Site 9,Resolved
sample,9,Site 9,Resolved
sample,9,Site 9,Resolved
sample,9,Site 9,Resolved
sample,9,Site 9,Resolved
sample,9,Site 9,Resolved
sample,9,Site 9,Resolved
sample,9,Site 9,Resolved
sample,9,Site 9,Resolved
sample,9,Site 9,Resolved
sample,9,Site 9,Resolved
sample,9,Site 9,Resolved
sample,9,Site 9,Resolved
sample,9,Site 9,Resolved
sample,9,Site 9,Resolved
sample,9,Site 9,Resolved
sample,9,Site 9,Resolved
sample,9,Site 9,Resolved
sample,9,Site 9,Resolved
sample,9,Site 9,Resolved
sample,9,Site 9,Resolved
sample,9,Site 9,Resolved
sample,9,Site 9,Resolved
sample,9,Site 9,Resolved
sample,9,Site 9,Resolved
sample,9,Site 9,Resolved
sample,9,Site 9,Resolved
sample,9,Site 9,Resolved
sample,9,Site 9,Resolved
sample,9,Site 9,Resolved
sample,9,Site 9,Resolved
sample,9,Site 9,Resolved
sample,9,Site 9,Resolved
sample,9,Site 9,Resolved
sample,9,Site 9,Resolved
sample,9,Site 9,Resolved
sample,9,Site 9,Resolved
sample,9,Site 9,Resolved
sample,9,Site 9,Resolved
sample,9,Site 9,Resolved
sample,9,Site 9,Resolved
sample,9,Site 9,Resolved
sample,9,Site 9,Resolved
sample,9,Site 9,Resolved
sample,9,Site 9,Resolved
sample,9,Site 9,Resolved
sample,9,Site 9,Resolved
sample,9,Site 9,Resolved
sample,9,Site 9,Resolved
sample,9,Site 9,Resolved
sample,9,Site 9,Resolved
sample,9,Site 9,Resolved
sample,9,Site 9,Resolved
sample,9,Site 9,Resolved
sample,9,Site 9,Resolved
sample,9,Site 9,Resolved
sample,9,Site 9,Resolved
sample,9,Site 9,Resolved
sample,9,Site 9,Resolved
sample,9,Site 9,Resolved
sample,9,Site 9,Resolved
sample,9,Site 9,Resolved
sample,9,Site 9,Resolved
sample,9,Site 9,Resolved
sample,9,Site 9,Resolved
sample,9,Site 9,Resolved
sample,9,Site 9,Resolved
sample,9,Site 9,Resolved
sample,9,Site 9,Resolved
sample,9,Site 9,Resolved
sample,9,Site 9,Resolved
sample,9,Site 9,Resolved
sample,9,Site 9,Resolved
sample,9,Site 9,Resolved
sample,9,Site 9,Resolved
sample,9,Site 9,Resolved
sample,9,Site 9,Resolved
sample,9,Site 9,Resolved
sample,9,Site 9,Resolved
sample,9,Site 9,Resolved
sample,9,Site 9,Resolved
sample,9,Site 9,Resolved
sample,9,Site 9,Resolved
sample,9,Site 9,Resolved
sample,9,Site 9,Resolved
sample,9,Site 9,Resolved
sample,9,Site 9,Resolved
sample,9,Site 9,Resolved
sample,9,Site 9,Resolved
sample,9,Site 9,Resolved
sample,9,Site 9,Resolved
sample,9,Site 9,Resolved
sample,9,Site 9,Resolved
sample,9,Site 9,Resolved
sample,9,Site 9,Resolved
sample,9,Site 9,Resolved
sample,9,Site 9,Resolved
sample,9,Site 9,Resolved
sample,9,Site 9,Resolved
sample,9,Site 9,Resolved
sample,9,Site 9,Resolved
sample,9,Site 9,Resolved
sample,9,Site 9,Resolved
sample,9,Site 9,Resolved
sample,9,Site 9,Resolved
sample,9,Site 9,Resolved
sample,9,Site 9,Resolved
sample,9,Site 9,Resolved
sample,9,Site 9,Resolved
sample,9,Site 9,Resolved
sample,9,Site 9,Resolved
sample,9,Site 9,Resolved
sample,9,Site 9,Resolved
sample,9,Site 9,Resolved
sample,9,Site 9,Resolved
sample,9,Site 9,Resolved
sample,9,Site 9,Resolved
sample,9,Site 9,Resolved
sample,9,Site 9,Resolved
sample,9,Site 9,Resolved
sample,9,Site 9,Resolved
sample,9,Site 9,Resolved
sample,9,Site 9,Resolved
sample,9,Site 9,Resolved
sample,9,Site 9,Resolved
sample,9,Site 9,Resolved
sample,9,Site 9,Resolved
sample,9,Site 9,Resolved
sample,9,Site 9,Resolved
sample,9,Site 9,Resolved
sample,9,Site 9,Resolved
sample,9,Site 9,Resolved
sample,9,Site 9,Resolved
sample,9,Site 9,Resolved
sample,9,Site 9,Resolved
sample,9,Site 9,Resolved
sample,9,Site 9,Resolved
sample,9,Site 9,Resolved
sample,9,Site 9,Resolved
sample,9,Site 9,Resolved
sample,9,Site 9,Resolved
sample,9,Site 9,Resolved
sample,9,Site 9,Resolved
sample,9,Site 9,Resolved
sample,9,Site 9,Resolved
sample,9,Site 9,Resolved
sample,9,Site 9,Resolved
sample,10,Site 10,Resolved
sample,10,Site 10,Resolved
sample,10,Site 10,Resolved
sample,10,Site 10,Resolved
sample,10,Site 10,Resolved
sample,10,Site 10,Resolved
sample,10,Site 10,Resolved
sample,10,Site 10,Resolved
sample,10,Site 10,Resolved
sample,10,Site 10,Resolved
sample,10,Site 10,Resolved
sample,10,Site 10,Resolved
sample,10,Site 10,Resolved
sample,10,Site 10,Resolved
sample,10,Site 10,Resolved
sample,10,Site 10,Resolved
sample,10,Site 10,Resolved
sample,10,Site 10,Resolved
sample,10,Site 10,Resolved
sample,10,Site 10,Resolved
sample,10,Site 10,Resolved
sample,10,Site 10,Resolved
sample,10,Site 10,Resolved
sample,10,Site 10,Resolved
sample,10,Site 10,Resolved
sample,10,Site 10,Resolved
sample,10,Site 10,Resolved
sample,10,Site 10,Resolved
sample,10,Site 10,Resolved
sample,10,Site 10,Resolved
sample,10,Site 10,Resolved
sample,10,Site 10,Resolved
sample,10,Site 10,Resolved
sample,10,Site 10,Resolved
sample,10,Site 10,Resolved
sample,10,Site 10,Resolved
sample,10,Site 10,Resolved
sample,10,Site 10,Resolved
sample,10,Site 10,Resolved
sample,10,Site 10,Resolved
sample,10,Site 10,Resolved
sample,10,Site 10,Resolved
sample,10,Site 10,Resolved
sample,10,Site 10,Resolved
sample,10,Site 10,Resolved
sample,10,Site 10,Resolved
sample,10,Site 10,Resolved
sample,10,Site 10,Resolved
sample,10,Site 10,Resolved
sample,10,Site 10,Resolved
sample,10,Site 10,Resolved
sample,10,Site 10,Resolved
sample,10,Site 10,Resolved
sample,10,Site 10,Resolved
sample,10,Site 10,Resolved
sample,10,Site 10,Resolved
sample,10,Site 10,Resolved
sample,10,Site 10,Resolved
sample,10,Site 10,Resolved
sample,10,Site 10,Resolved
sample,10,Site 10,Resolved
sample,10,Site 10,Resolved
sample,10,Site 10,Resolved
sample,10,Site 10,Resolved
sample,10,Site 10,Resolved
sample,10,Site 10,Resolved
sample,10,Site 10,Resolved
sample,10,Site 10,Resolved
sample,10,Site 10,Resolved
sample,10,Site 10,Resolved
sample,10,Site 10,Resolved
sample,10,Site 10,Resolved
sample,10,Site 10,Resolved
sample,10,Site 10,Resolved
sample,10,Site 10,Resolved
sample,10,Site 10,Resolved
sample,10,Site 10,Resolved
sample,10,Site 10,Resolved
sample,10,Site 10,Resolved
sample,10,Site 10,Resolved
sample,10,Site 10,Resolved
sample,10,Site 10,Resolved
sample,10,Site 10,Resolved
sample,10,Site 10,Resolved
sample,10,Site 10,Resolved
sample,10,Site 10,Resolved
sample,10,Site 10,Resolved
sample,10,Site 10,Resolved
sample,10,Site 10,Resolved
sample,10,Site 10,Resolved
sample,10,Site 10,Resolved
sample,10,Site 10,Resolved
sample,10,Site 10,Resolved
sample,10,Site 10,Resolved
sample,10,Site 10,Resolved
sample,10,Site 10,Resolved
sample,10,Site 10,Resolved
sample,10,Site 10,Resolved
sample,10,Site 10,Resolved
sample,10,Site 10,Resolved
sample,10,Site 10,Resolved
sample,10,Site 10,Resolved
sample,10,Site 10,Resolved
sample,10,Site 10,Resolved
sample,10,Site 10,Resolved
sample,10,Site 10,Resolved
sample,10,Site 10,Resolved
sample,10,Site 10,Resolved
sample,10,Site 10,Resolved
sample,10,Site 10,Resolved
sample,10,Site 10,Resolved
sample,10,Site 10,Resolved
sample,10,Site 10,Resolved
sample,10,Site 10,Resolved
sample,10,Site 10,Resolved
sample,10,Site 10,Resolved
sample,10,Site 10,Resolved
sample,10,Site 10,Resolved
sample,10,Site 10,Resolved
sample,10,Site 10,Resolved
sample,10,Site 10,Resolved
sample,10,Site 10,Resolved
sample,10,Site 10,Resolved
sample,10,Site 10,Resolved
sample,10,Site 10,Resolved
sample,10,Site 10,Resolved
sample,10,Site 10,Resolved
sample,10,Site 10,Resolved
sample,10,Site 10,Resolved
sample,10,Site 10,Resolved
sample,10,Site 10,Resolved
sample,10,Site 10,Resolved
sample,10,Site 10,Resolved
sample,10,Site 10,Resolved
sample,10,Site 10,Resolved
sample,10,Site 10,Resolved
sample,10,Site 10,Resolved
sample,10,Site 10,Resolved
sample,10,Site 10,Resolved
sample,10,Site 10,Resolved
sample,10,Site 10,Resolved
sample,10,Site 10,Resolved
sample,10,Site 10,Resolved
sample,10,Site 10,Resolved
sample,10,Site 10,Resolved
sample,10,Site 10,Resolved
sample,10,Site 10,Resolved
sample,10,Site 10,Resolved
sample,10,Site 10,Resolved
sample,10,Site 10,Resolved
sample,10,Site 10,Resolved
sample,10,Site 10,Resolved
sample,10,Site 10,Resolved
sample,10,Site 10,Resolved
sample,10,Site 10,Resolved
sample,10,Site 10,Resolved
sample,10,Site 10,Resolved
sample,10,Site 10,Resolved
sample,10,Site 10,Resolved
sample,10,Site 10,Resolved
sample,10,Site 10,Resolved
sample,10,Site 10,Resolved
sample,10,Site 10,Resolved
sample,10,Site 10,Resolved
sample,10,Site 10,Resolved
sample,10,Site 10,Resolved
sample,10,Site 10,Resolved
sample,10,Site 10,Resolved
sample,10,Site 10,Resolved
sample,10,Site 10,Resolved
sample,10,Site 10,Resolved
sample,10,Site 10,Resolved
sample,10,Site 10,Resolved
sample,10,Site 10,Resolved
sample,10,Site 10,Resolved
sample,10,Site 10,Resolved
sample,10,Site 10,Resolved
sample,10,Site 10,Resolved
sample,10,Site 10,Resolved
sample,10,Site 10,Resolved
sample,10,Site 10,Resolved
sample,10,Site 10,Resolved
sample,10,Site 10,Resolved
sample,10,Site 10,Resolved
sample,10,Site 10,Resolved
sample,10,Site 10,Resolved
sample,10,Site 10,Resolved
sample,10,Site 10,Resolved
sample,10,Site 10,Resolved
sample,10,Site 10,Resolved
sample,10,Site 10,Resolved
sample,10,Site 10,Resolved
sample,10,Site 10,Resolved
sample,10,Site 10,Resolved
sample,10,Site 10,Resolved
sample,10,Site 10,Resolved
sample,10,Site 10,Resolved
sample,10,Site 10,Resolved
sample,10,Site 10,Resolved
sample,10,Site 10,Resolved
sample,10,Site 10,Resolved
sample,10,Site 10,Resolved
sample,10,Site 10,Resolved
sample,10,Site 10,Resolved
sample,10,Site 10,Resolved
sample,10,Site 10,Resolved
sample,10,Site 10,Resolved
sample,10,Site 10,Resolved
sample,10,Site 10,Resolved
sample,10,Site 10,Resolved
sample,10,Site 10,Resolved
sample,10,Site 10,Resolved
sample,10,Site 10,Resolved
sample,10,Site 10,Resolved
sample,10,Site 10,Resolved
sample,10,Site 10,Resolved
sample,10,Site 10,Resolved
sample,10,Site 10,Resolved
sample,10,Site 10,Resolved
sample,10,Site 10,Resolved
sample,10,Site 10,Resolved
sample,10,Site 10,Resolved
sample,10,Site 10,Resolved
sample,10,Site 10,Resolved
sample,10,Site 10,Resolved
sample,10,Site 10,Resolved
sample,10,Site 10,Resolved
sample,10,Site 10,Resolved
sample,10,Site 10,Resolved
sample,10,Site 10,Resolved
sample,10,Site 10,Resolved
sample,10,Site 10,Resolved
sample,10,Site 10,Resolved
sample,10,Site 10,Resolved
sample,10,Site 10,Resolved
sample,10,Site 10,Resolved
sample,10,Site 10,Resolved
sample,10,Site 10,Resolved
sample,10,Site 10,Resolved
sample,10,Site 10,Resolved
sample,10,Site 10,Resolved
sample,10,Site 10,Resolved
sample,10,Site 10,Resolved
sample,10,Site 10,Resolved
sample,10,Site 10,Resolved
sample,10,Site 10,Resolved
sample,10,Site 10,Resolved
sample,10,Site 10,Resolved
sample,10,Site 10,Resolved
sample,10,Site 10,Resolved
sample,10,Site 10,Resolved
sample,10,Site 10,Resolved
sample,10,Site 10,Resolved
sample,10,Site 10,Resolved
sample,10,Site 10,Resolved
sample,10,Site 10,Resolved
sample,10,Site 10,Resolved
sample,10,Site 10,Resolved
sample,10,Site 10,Resolved
sample,10,Site 10,Resolved
sample,10,Site 10,Resolved
sample,10,Site 10,Resolved
sample,10,Site 10,Resolved
sample,10,Site 10,Resolved
sample,10,Site 10,Resolved
sample,10,Site 10,Resolved
sample,10,Site 10,Resolved
sample,10,Site 10,Resolved
sample,10,Site 10,Resolved
sample,10,Site 10,Resolved
sample,10,Site 10,Resolved
sample,10,Site 10,Resolved
sample,10,Site 10,Resolved
sample,10,Site 10,Resolved
sample,10,Site 10,Resolved
sample,10,Site 10,Resolved
sample,10,Site 10,Resolved
sample,10,Site 10,Resolved
sample,10,Site 10,Resolved
sample,10,Site 10,Resolved
sample,10,Site 10,Resolved
sample,10,Site 10,Resolved
sample,10,Site 10,Resolved
sample,10,Site 10,Resolved
sample,10,Site 10,Resolved
sample,10,Site 10,Resolved
sample,10,Site 10,Resolved
sample,10,Site 10,Resolved
sample,10,Site 10,Resolved
sample,10,Site 10,Resolved
sample,10,Site 10,Resolved
sample,10,Site 10,Resolved
sample,10,Site 10,Resolved
sample,10,Site 10,Resolved
sample,10,Site 10,Resolved
sample,10,Site 10,Resolved
sample,10,Site 10,Resolved
sample,10,Site 10,Resolved
sample,10,Site 10,Resolved
sample,10,Site 10,Resolved
sample,10,Site 10,Resolved
sample,10,Site 10,Resolved
sample,10,Site 10,Resolved
sample,10,Site 10,Resolved
sample,10,Site 10,Resolved
sample,10,Site 10,Resolved
sample,10,Site 10,Resolved
sample,10,Site 10,Resolved
sample,10,Site 10,Resolved
sample,10,Site 10,Resolved
sample,10,Site 10,Resolved
sample,10,Site 10,Resolved
sample,10,Site 10,Resolved
sample,10,Site 10,Resolved
sample,10,Site 10,Resolved
sample,10,Site 10,Resolved
sample,10,Site 10,Resolved
sample,10,Site 10,Resolved
sample,10,Site 10,Resolved
sample,10,Site 10,Resolved
sample,10,Site 10,Resolved
sample,10,Site 10,Resolved
sample,10,Site 10,Resolved
sample,10,Site 10,Resolved
sample,10,Site 10,Resolved
sample,10,Site 10,Resolved
sample,10,Site 10,Resolved
sample,10,Site 10,Resolved
sample,10,Site 10,Resolved
sample,10,Site 10,Resolved
sample,10,Site 10,Resolved
sample,10,Site 10,Resolved
sample,10,Site 10,Resolved
sample,10,Site 10,Resolved
sample,10,Site 10,Resolved
sample,10,Site 10,Resolved
sample,10,Site 10,Resolved
sample,10,Site 10,Resolved
sample,10,Site 10,Resolved
sample,10,Site 10,Resolved
sample,10,Site 10,Resolved
sample,10,Site 10,Resolved
sample,10,Site 10,Resolved
sample,10,Site 10,Resolved
sample,10,Site 10,Resolved
sample,10,Site 10,Resolved
sample,10,Site 10,Resolved
sample,10,Site 10,Resolved
sample,10,Site 10,Resolved
sample,10,Site 10,Resolved
sample,10,Site 10,Resolved
sample,10,Site 10,Resolved
sample,10,Site 10,Resolved
sample,10,Site 10,Resolved
sample,10,Site 10,Resolved
sample,10,Site 10,Resolved
sample,10,Site 10,Resolved
sample,10,Site 10,Resolved
sample,10,Site 10,Resolved
sample,10,Site 10,Resolved
sample,10,Site 10,Resolved
sample,10,Site 10,Resolved
sample,10,Site 10,Resolved
sample,10,Site 10,Resolved
sample,10,Site 10,Resolved
sample,10,Site 10,Resolved
sample,10,Site 10,Resolved
sample,10,Site 10,Resolved
sample,10,Site 10,Resolved
sample,10,Site 10,Resolved
sample,10,Site 10,Resolved
sample,10,Site 10,Resolved
sample,10,Site 10,Resolved
sample,10,Site 10,Resolved
sample,10,Site 10,Resolved
sample,10,Site 10,Resolved
sample,10,Site 10,Resolved
sample,10,Site 10,Resolved
sample,10,Site 10,Resolved
sample,10,Site 10,Resolved
sample,10,Site 10,Resolved
sample,10,Site 10,Resolved
sample,10,Site 10,Resolved
sample,10,Site 10,Resolved
sample,10,Site 10,Resolved
sample,10,Site 10,Resolved
sample,10,Site 10,Resolved
sample,10,Site 10,Resolved
sample,10,Site 10,Resolved
sample,10,Site 10,Resolved
sample,10,Site 10,Resolved
sample,10,Site 10,Resolved
sample,10,Site 10,Resolved
sample,10,Site 10,Resolved
sample,10,Site 10,Resolved
sample,10,Site 10,Resolved
sample,10,Site 10,Resolved
sample,10,Site 10,Resolved
sample,10,Site 10,Resolved
sample,10,Site 10,Resolved
sample,10,Site 10,Resolved
sample,10,Site 10,Resolved
sample,10,Site 10,Resolved
sample,10,Site 10,Resolved
sample,10,Site 10,Resolved
sample,10,Site 10,Resolved
sample,10,Site 10,Resolved
sample,10,Site 10,Resolved
sample,10,Site 10,Resolved
sample,10,Site 10,Resolved
sample,10,Site 10,Resolved
sample,10,Site 10,Resolved
sample,10,Site 10,Resolved
sample,10,Site 10,Resolved
sample,10,Site 10,Resolved
sample,10,Site 10,Resolved
sample,10,Site 10,Resolved
sample,10,Site 10,Resolved
sample,10,Site 10,Resolved
sample,10,Site 10,Resolved
sample,10,Site 10,Resolved
sample,10,Site 10,Resolved
sample,10,Site 10,Resolved
sample,10,Site 10,Resolved
sample,10,Site 10,Resolved
sample,10,Site 10,Resolved
sample,10,Site 10,Resolved
sample,10,Site 10,Resolved
sample,10,Site 10,Resolved
sample,10,Site 10,Resolved
sample,10,Site 10,Resolved
sample,10,Site 10,Resolved
sample,10,Site 10,Resolved
sample,10,Site 10,Resolved
sample,10,Site 10,Resolved
sample,10,Site 10,Resolved
sample,10,Site 10,Resolved
sample,10,Site 10,Resolved
sample,10,Site 10,Resolved
sample,10,Site 10,Resolved
sample,10,Site 10,Resolved
sample,10,Site 10,Resolved
sample,10,Site 10,Resolved
sample,10,Site 10,Resolved
sample,10,Site 10,Resolved
sample,10,Site 10,Resolved
sample,10,Site 10,Resolved
sample,10,Site 10,Resolved
sample,10,Site 10,Resolved
sample,10,Site 10,Resolved
sample,10,Site 10,Resolved
sample,10,Site 10,Resolved
sample,10,Site 10,Resolved
sample,10,Site 10,Resolved
sample,10,Site 10,Resolved
sample,10,Site 10,Resolved
sample,10,Site 10,Resolved
sample,10,Site 10,Resolved
sample,10,Site 10,Resolved
sample,10,Site 10,Resolved
sample,10,Site 10,Resolved
sample,10,Site 10,Resolved
sample,10,Site 10,Resolved
sample,10,Site 10,Resolved
sample,10,Site 10,Resolved
sample,10,Site 10,Resolved
sample,10,Site 10,Resolved
sample,10,Site 10,Resolved
sample,10,Site 10,Resolved
sample,10,Site 10,Resolved
sample,10,Site 10,Resolved
sample,10,Site 10,Resolved
sample,10,Site 10,Resolved
sample,10,Site 10,Resolved
sample,10,Site 10,Resolved
sample,10,Site 10,Resolved
sample,10,Site 10,Resolved
sample,10,Site 10,Resolved
sample,10,Site 10,Resolved
sample,10,Site 10,Resolved
sample,10,Site 10,Resolved
sample,10,Site 10,Resolved
sample,10,Site 10,Resolved
sample,10,Site 10,Resolved
sample,10,Site 10,Resolved
sample,10,Site 10,Resolved
sample,10,Site 10,Resolved
sample,10,Site 10,Resolved
sample,10,Site 10,Resolved
sample,10,Site 10,Resolved
sample,10,Site 10,Resolved
sample,10,Site 10,Resolved
sample,10,Site 10,Resolved
sample,10,Site 10,Resolved
sample,10,Site 10,Resolved
sample,10,Site 10,Resolved
sample,10,Site 10,Resolved
sample,10,Site 10,Resolved
sample,10,Site 10,Resolved
sample,10,Site 10,Resolved
sample,10,Site 10,Resolved
sample,10,Site 10,Resolved
sample,10,Site 10,Resolved
sample,10,Site 10,Resolved
sample,10,Site 10,Resolved
sample,10,Site 10,Resolved
sample,10,Site 10,Resolved
sample,10,Site 10,Resolved
sample,10,Site 10,Resolved
sample,10,Site 10,Resolved
sample,10,Site 10,Resolved
sample,10,Site 10,Resolved
sample,55,Site 55,Resolved
sample,55,Site 55,Resolved
sample,55,Site 55,Resolved
sample,55,Site 55,Resolved
sample,55,Site 55,Resolved
sample,55,Site 55,Resolved
sample,55,Site 55,Resolved
sample,55,Site 55,Resolved
sample,55,Site 55,Resolved
sample,55,Site 55,Resolved
sample,55,Site 55,Resolved
sample,55,Site 55,Resolved
sample,55,Site 55,Resolved
sample,55,Site 55,Resolved
sample,55,Site 55,Resolved
sample,55,Site 55,Resolved
sample,55,Site 55,Resolved
sample,55,Site 55,Resolved
sample,55,Site 55,Resolved
sample,55,Site 55,Resolved
sample,55,Site 55,Resolved
sample,55,Site 55,Resolved
sample,55,Site 55,Resolved
sample,55,Site 55,Resolved
sample,55,Site 55,Resolved
sample,55,Site 55,Resolved
sample,55,Site 55,Resolved
sample,55,Site 55,Resolved
sample,55,Site 55,Resolved
sample,55,Site 55,Resolved
sample,55,Site 55,Resolved
sample,55,Site 55,Resolved
sample,55,Site 55,Resolved
sample,55,Site 55,Resolved
sample,55,Site 55,Resolved
sample,55,Site 55,Resolved
sample,55,Site 55,Resolved
sample,55,Site 55,Resolved
sample,55,Site 55,Resolved
sample,55,Site 55,Resolved
sample,55,Site 55,Resolved
sample,55,Site 55,Resolved
sample,55,Site 55,Resolved
sample,55,Site 55,Resolved
sample,55,Site 55,Resolved
sample,55,Site 55,Resolved
sample,55,Site 55,Resolved
sample,55,Site 55,Resolved
sample,55,Site 55,Resolved
sample,55,Site 55,Resolved
sample,55,Site 55,Resolved
sample,55,Site 55,Resolved
sample,55,Site 55,Resolved
sample,55,Site 55,Resolved
sample,55,Site 55,Resolved
sample,55,Site 55,Resolved
sample,55,Site 55,Resolved
sample,55,Site 55,Resolved
sample,55,Site 55,Resolved
sample,55,Site 55,Resolved
sample,55,Site 55,Resolved
sample,55,Site 55,Resolved
sample,55,Site 55,Resolved
sample,55,Site 55,Resolved
sample,55,Site 55,Resolved
sample,55,Site 55,Resolved
sample,55,Site 55,Resolved
sample,55,Site 55,Resolved
sample,55,Site 55,Resolved
sample,55,Site 55,Resolved
sample,55,Site 55,Resolved
sample,55,Site 55,Resolved
sample,55,Site 55,Resolved
sample,55,Site 55,Resolved
sample,55,Site 55,Resolved
sample,55,Site 55,Resolved
sample,55,Site 55,Resolved
sample,55,Site 55,Resolved
sample,55,Site 55,Resolved
sample,55,Site 55,Resolved
sample,55,Site 55,Resolved
sample,55,Site 55,Resolved
sample,55,Site 55,Resolved
sample,55,Site 55,Resolved
sample,55,Site 55,Resolved
sample,55,Site 55,Resolved
sample,55,Site 55,Resolved
sample,55,Site 55,Resolved
sample,55,Site 55,Resolved
sample,55,Site 55,Resolved
sample,55,Site 55,Resolved
sample,55,Site 55,Resolved
sample,55,Site 55,Resolved
sample,55,Site 55,Resolved
sample,55,Site 55,Resolved
sample,55,Site 55,Resolved
sample,55,Site 55,Resolved
sample,55,Site 55,Resolved
sample,55,Site 55,Resolved
sample,55,Site 55,Resolved
sample,55,Site 55,Resolved
sample,55,Site 55,Resolved
sample,55,Site 55,Resolved
sample,55,Site 55,Resolved
sample,55,Site 55,Resolved
sample,55,Site 55,Resolved
sample,55,Site 55,Resolved
sample,55,Site 55,Resolved
sample,55,Site 55,Resolved
sample,55,Site 55,Resolved
sample,55,Site 55,Resolved
sample,55,Site 55,Resolved
sample,55,Site 55,Resolved
sample,55,Site 55,Resolved
sample,55,Site 55,Resolved
sample,55,Site 55,Resolved
sample,55,Site 55,Resolved
sample,55,Site 55,Resolved
sample,55,Site 55,Resolved
sample,55,Site 55,Resolved
sample,55,Site 55,Resolved
sample,55,Site 55,Resolved
sample,55,Site 55,Resolved
sample,55,Site 55,Resolved
sample,55,Site 55,Resolved
sample,55,Site 55,Resolved
sample,55,Site 55,Resolved
sample,55,Site 55,Resolved
sample,55,Site 55,Resolved
sample,55,Site 55,Resolved
sample,55,Site 55,Resolved
sample,55,Site 55,Resolved
sample,55,Site 55,Resolved
sample,55,Site 55,Resolved
sample,55,Site 55,Resolved
sample,55,Site 55,Resolved
sample,55,Site 55,Resolved
sample,55,Site 55,Resolved
sample,55,Site 55,Resolved
sample,55,Site 55,Resolved
sample,55,Site 55,Resolved
sample,55,Site 55,Resolved
sample,55,Site 55,Resolved
sample,55,Site 55,Resolved
sample,55,Site 55,Resolved
sample,55,Site 55,Resolved
sample,55,Site 55,Resolved
sample,55,Site 55,Resolved
sample,55,Site 55,Resolved
sample,55,Site 55,Resolved
sample,55,Site 55,Resolved
sample,55,Site 55,Resolved
sample,55,Site 55,Resolved
sample,55,Site 55,Resolved
sample,55,Site 55,Resolved
sample,55,Site 55,Resolved
sample,55,Site 55,Resolved
sample,55,Site 55,Resolved
sample,55,Site 55,Resolved
sample,55,Site 55,Resolved
sample,55,Site 55,Resolved
sample,55,Site 55,Resolved
sample,55,Site 55,Resolved
sample,55,Site 55,Resolved
sample,55,Site 55,Resolved
sample,55,Site 55,Resolved
sample,55,Site 55,Resolved
sample,55,Site 55,Resolved
sample,55,Site 55,Resolved
sample,55,Site 55,Resolved
sample,55,Site 55,Resolved
sample,55,Site 55,Resolved
sample,55,Site 55,Resolved
sample,55,Site 55,Resolved
sample,55,Site 55,Resolved
sample,55,Site 55,Resolved
sample,55,Site 55,Resolved
sample,55,Site 55,Resolved
sample,55,Site 55,Resolved
sample,55,Site 55,Resolved
sample,55,Site 55,Resolved
sample,55,Site 55,Resolved
sample,55,Site 55,Resolved
sample,55,Site 55,Resolved
sample,55,Site 55,Resolved
sample,55,Site 55,Resolved
sample,55,Site 55,Resolved
sample,55,Site 55,Resolved
sample,55,Site 55,Resolved
sample,55,Site 55,Resolved
sample,55,Site 55,Resolved
sample,55,Site 55,Resolved
sample,55,Site 55,Resolved
sample,55,Site 55,Resolved
sample,55,Site 55,Resolved
sample,55,Site 55,Resolved
sample,55,Site 55,Resolved
sample,55,Site 55,Resolved
sample,55,Site 55,Resolved
sample,55,Site 55,Resolved
sample,55,Site 55,Resolved
sample,55,Site 55,Resolved
sample,55,Site 55,Resolved
sample,55,Site 55,Resolved
sample,55,Site 55,Resolved
sample,55,Site 55,Resolved
sample,55,Site 55,Resolved
sample,55,Site 55,Resolved
sample,55,Site 55,Resolved
sample,55,Site 55,Resolved
sample,55,Site 55,Resolved
sample,55,Site 55,Resolved
sample,55,Site 55,Resolved
sample,55,Site 55,Resolved
sample,55,Site 55,Resolved
sample,55,Site 55,Resolved
sample,55,Site 55,Resolved
sample,55,Site 55,Resolved
sample,55,Site 55,Resolved
sample,55,Site 55,Resolved
sample,55,Site 55,Resolved
sample,55,Site 55,Resolved
sample,55,Site 55,Resolved
sample,55,Site 55,Resolved
sample,55,Site 55,Resolved
sample,55,Site 55,Resolved
sample,55,Site 55,Resolved
sample,55,Site 55,Resolved
sample,55,Site 55,Resolved
sample,55,Site 55,Resolved
sample,55,Site 55,Resolved
sample,55,Site 55,Resolved
sample,55,Site 55,Resolved
sample,55,Site 55,Resolved
sample,55,Site 55,Resolved
sample,55,Site 55,Resolved
sample,55,Site 55,Resolved
sample,55,Site 55,Resolved
sample,55,Site 55,Resolved
sample,55,Site 55,Outstanding > 90 days
sample,55,Site 55,Outstanding > 90 days
sample,55,Site 55,Outstanding > 90 days
sample,55,Site 55,Resolved
sample,55,Site 55,Resolved
sample,55,Site 55,Outstanding > 90 days
sample,55,Site 55,Outstanding > 90 days
sample,55,Site 55,Outstanding > 90 days
sample,55,Site 55,Outstanding > 90 days
sample,55,Site 55,Resolved
sample,55,Site 55,Resolved
sample,55,Site 55,Resolved
sample,55,Site 55,Outstanding > 90 days
sample,55,Site 55,Outstanding > 90 days
sample,55,Site 55,Outstanding > 90 days
sample,55,Site 55,Outstanding > 90 days
sample,55,Site 55,Outstanding > 90 days
sample,55,Site 55,Resolved
sample,55,Site 55,Resolved
sample,55,Site 55,Resolved
sample,55,Site 55,Resolved
sample,55,Site 55,Resolved
sample,55,Site 55,Resolved
sample,55,Site 55,Resolved
sample,55,Site 55,Resolved
sample,55,Site 55,Resolved
sample,55,Site 55,Resolved
sample,55,Site 55,Resolved
sample,55,Site 55,Resolved
sample,55,Site 55,Resolved
sample,55,Site 55,Outstanding > 90 days
sample,55,Site 55,Outstanding > 90 days
sample,55,Site 55,Outstanding > 90 days
sample,55,Site 55,Outstanding > 90 days
sample,55,Site 55,Resolved
sample,55,Site 55,Resolved
sample,55,Site 55,Resolved
sample,55,Site 55,Resolved
sample,55,Site 55,Resolved
sample,55,Site 55,Resolved
sample,55,Site 55,Resolved
sample,55,Site 55,Resolved
sample,55,Site 55,Resolved
sample,55,Site 55,Resolved
sample,55,Site 55,Resolved
sample,55,Site 55,Resolved
sample,55,Site 55,Resolved
sample,55,Site 55,Resolved
sample,55,Site 55,Resolved
sample,55,Site 55,Resolved
sample,55,Site 55,Resolved
sample,55,Site 55,Resolved
sample,55,Site 55,Resolved
sample,55,Site 55,Resolved
sample,55,Site 55,Resolved
sample,55,Site 55,Resolved
sample,55,Site 55,Resolved
sample,55,Site 55,Resolved
sample,55,Site 55,Resolved
sample,55,Site 55,Resolved
sample,55,Site 55,Resolved
sample,55,Site 55,Outstanding > 90 days
sample,55,Site 55,Outstanding > 90 days
sample,55,Site 55,Outstanding > 90 days
sample,55,Site 55,Outstanding > 90 days
sample,55,Site 55,Resolved
sample,55,Site 55,Resolved
sample,55,Site 55,Resolved
sample,55,Site 55,Resolved
sample,55,Site 55,Outstanding <= 90 days
sample,55,Site 55,Outstanding <= 90 days
sample,55,Site 55,Outstanding <= 90 days
sample,55,Site 55,Outstanding <= 90 days
sample,55,Site 55,Outstanding <= 90 days
sample,55,Site 55,Outstanding <= 90 days
sample,55,Site 55,Outstanding <= 90 days
sample,55,Site 55,Outstanding <= 90 days
sample,55,Site 55,Resolved
sample,55,Site 55,Resolved
sample,55,Site 55,Resolved
sample,55,Site 55,Resolved
sample,60,Site 60,Resolved
sample,60,Site 60,Resolved
sample,60,Site 60,Resolved
sample,60,Site 60,Resolved
sample,60,Site 60,Resolved
sample,60,Site 60,Resolved
sample,60,Site 60,Resolved
sample,60,Site 60,Resolved
sample,60,Site 60,Resolved
sample,60,Site 60,Resolved
sample,60,Site 60,Resolved
sample,60,Site 60,Resolved
sample,60,Site 60,Resolved
sample,60,Site 60,Resolved
sample,60,Site 60,Resolved
sample,60,Site 60,Resolved
sample,60,Site 60,Resolved
sample,60,Site 60,Resolved
sample,60,Site 60,Resolved
sample,60,Site 60,Resolved
sample,60,Site 60,Resolved
sample,60,Site 60,Resolved
sample,60,Site 60,Resolved
sample,60,Site 60,Resolved
sample,60,Site 60,Resolved
sample,60,Site 60,Resolved
sample,60,Site 60,Resolved
sample,60,Site 60,Resolved
sample,60,Site 60,Resolved
sample,60,Site 60,Resolved
sample,60,Site 60,Resolved
sample,60,Site 60,Resolved
sample,60,Site 60,Resolved
sample,60,Site 60,Resolved
sample,60,Site 60,Resolved
sample,60,Site 60,Resolved
sample,60,Site 60,Resolved
sample,60,Site 60,Resolved
sample,60,Site 60,Resolved
sample,60,Site 60,Resolved
sample,60,Site 60,Resolved
sample,60,Site 60,Resolved
sample,60,Site 60,Resolved
sample,60,Site 60,Resolved
sample,60,Site 60,Resolved
sample,60,Site 60,Resolved
sample,60,Site 60,Resolved
sample,60,Site 60,Resolved
sample,60,Site 60,Resolved
sample,60,Site 60,Resolved
sample,60,Site 60,Resolved
sample,60,Site 60,Resolved
sample,60,Site 60,Resolved
sample,60,Site 60,Resolved
sample,60,Site 60,Resolved
sample,60,Site 60,Resolved
sample,60,Site 60,Resolved
sample,60,Site 60,Resolved
sample,60,Site 60,Resolved
sample,60,Site 60,Resolved
sample,60,Site 60,Resolved
sample,60,Site 60,Resolved
sample,60,Site 60,Resolved
sample,60,Site 60,Resolved
sample,60,Site 60,Resolved
sample,60,Site 60,Resolved
sample,60,Site 60,Resolved
sample,60,Site 60,Resolved
sample,60,Site 60,Resolved
sample,60,Site 60,Resolved
sample,60,Site 60,Resolved
sample,60,Site 60,Resolved
sample,60,Site 60,Resolved
sample,60,Site 60,Resolved
sample,60,Site 60,Resolved
sample,60,Site 60,Resolved
sample,60,Site 60,Resolved
sample,60,Site 60,Resolved
sample,60,Site 60,Resolved
sample,60,Site 60,Resolved
sample,60,Site 60,Resolved
sample,60,Site 60,Resolved
sample,60,Site 60,Resolved
sample,60,Site 60,Resolved
sample,60,Site 60,Resolved
sample,60,Site 60,Resolved
sample,60,Site 60,Resolved
sample,60,Site 60,Resolved
sample,60,Site 60,Resolved
sample,60,Site 60,Resolved
sample,60,Site 60,Resolved
sample,60,Site 60,Resolved
sample,60,Site 60,Resolved
sample,60,Site 60,Resolved
sample,60,Site 60,Resolved
sample,60,Site 60,Resolved
sample,60,Site 60,Resolved
sample,60,Site 60,Outstanding <= 90 days
sample,60,Site 60,Outstanding <= 90 days
sample,60,Site 60,Outstanding <= 90 days
sample,60,Site 60,Outstanding <= 90 days
sample,68,Site 68,Resolved
sample,70,Site 70,Resolved
sample,70,Site 70,Resolved
sample,70,Site 70,Resolved
sample,70,Site 70,Resolved
sample,70,Site 70,Resolved
sample,70,Site 70,Resolved
sample,70,Site 70,Resolved
sample,70,Site 70,Resolved
sample,70,Site 70,Resolved
sample,70,Site 70,Resolved
sample,70,Site 70,Resolved
sample,70,Site 70,Resolved
sample,70,Site 70,Resolved
sample,70,Site 70,Resolved
sample,70,Site 70,Resolved
sample,70,Site 70,Resolved
sample,70,Site 70,Resolved
sample,70,Site 70,Resolved
sample,70,Site 70,Resolved
sample,70,Site 70,Resolved
sample,70,Site 70,Resolved
sample,70,Site 70,Resolved
sample,70,Site 70,Resolved
sample,70,Site 70,Resolved
sample,70,Site 70,Resolved
sample,70,Site 70,Resolved
sample,70,Site 70,Resolved
sample,70,Site 70,Resolved
sample,70,Site 70,Resolved
sample,70,Site 70,Resolved
sample,70,Site 70,Resolved
sample,70,Site 70,Resolved
sample,70,Site 70,Resolved
sample,70,Site 70,Resolved
sample,70,Site 70,Resolved
sample,70,Site 70,Resolved
sample,70,Site 70,Resolved
sample,70,Site 70,Resolved
sample,70,Site 70,Resolved
sample,70,Site 70,Resolved
sample,70,Site 70,Resolved
sample,70,Site 70,Resolved
sample,70,Site 70,Resolved
sample,70,Site 70,Resolved
sample,70,Site 70,Resolved
sample,70,Site 70,Resolved
sample,70,Site 70,Resolved
sample,70,Site 70,Resolved
sample,70,Site 70,Resolved
sample,70,Site 70,Resolved
sample,70,Site 70,Resolved
sample,70,Site 70,Resolved
sample,70,Site 70,Resolved
sample,70,Site 70,Resolved
sample,70,Site 70,Resolved
sample,70,Site 70,Resolved
sample,70,Site 70,Resolved
sample,70,Site 70,Resolved
sample,70,Site 70,Resolved
sample,70,Site 70,Resolved
sample,70,Site 70,Resolved
sample,70,Site 70,Resolved
sample,70,Site 70,Resolved
sample,70,Site 70,Resolved
sample,70,Site 70,Resolved
sample,70,Site 70,Resolved
sample,70,Site 70,Resolved
sample,70,Site 70,Resolved
sample,70,Site 70,Resolved
sample,70,Site 70,Resolved
sample,70,Site 70,Resolved
sample,70,Site 70,Resolved
sample,70,Site 70,Resolved
sample,70,Site 70,Resolved
sample,70,Site 70,Resolved
sample,70,Site 70,Resolved
sample,70,Site 70,Resolved
sample,70,Site 70,Resolved
sample,70,Site 70,Resolved
sample,70,Site 70,Resolved
sample,70,Site 70,Resolved
sample,70,Site 70,Resolved
sample,70,Site 70,Resolved
sample,70,Site 70,Resolved
sample,70,Site 70,Resolved
sample,70,Site 70,Resolved
sample,70,Site 70,Resolved
sample,70,Site 70,Resolved
sample,70,Site 70,Resolved
sample,70,Site 70,Resolved
sample,70,Site 70,Resolved
sample,70,Site 70,Resolved
sample,70,Site 70,Resolved
sample,70,Site 70,Resolved
sample,70,Site 70,Resolved
sample,70,Site 70,Resolved
sample,70,Site 70,Resolved
sample,70,Site 70,Resolved
sample,70,Site 70,Resolved
sample,70,Site 70,Resolved
sample,70,Site 70,Resolved
sample,70,Site 70,Resolved
sample,70,Site 70,Resolved
sample,70,Site 70,Resolved
sample,70,Site 70,Resolved
sample,70,Site 70,Resolved
sample,70,Site 70,Resolved
sample,70,Site 70,Resolved
sample,70,Site 70,Resolved
sample,70,Site 70,Resolved
sample,70,Site 70,Resolved
sample,70,Site 70,Resolved
sample,70,Site 70,Resolved
sample,70,Site 70,Resolved
sample,70,Site 70,Resolved
sample,70,Site 70,Resolved
sample,70,Site 70,Resolved
sample,70,Site 70,Resolved
sample,70,Site 70,Resolved
sample,70,Site 70,Resolved
sample,70,Site 70,Resolved
sample,70,Site 70,Resolved
sample,70,Site 70,Resolved
sample,70,Site 70,Resolved
sample,70,Site 70,Resolved
sample,70,Site 70,Resolved
sample,70,Site 70,Resolved
sample,70,Site 70,Resolved
sample,70,Site 70,Resolved
sample,70,Site 70,Resolved
sample,70,Site 70,Resolved
sample,70,Site 70,Resolved
sample,70,Site 70,Resolved
sample,70,Site 70,Resolved
sample,70,Site 70,Resolved
sample,70,Site 70,Resolved
sample,70,Site 70,Resolved
sample,70,Site 70,Resolved
sample,70,Site 70,Resolved
sample,70,Site 70,Resolved
sample,70,Site 70,Resolved
sample,70,Site 70,Resolved
sample,70,Site 70,Resolved
sample,70,Site 70,Resolved
sample,70,Site 70,Resolved
sample,70,Site 70,Resolved
sample,70,Site 70,Resolved
sample,70,Site 70,Resolved
sample,70,Site 70,Resolved
sample,70,Site 70,Resolved
sample,70,Site 70,Resolved
sample,70,Site 70,Resolved
sample,70,Site 70,Resolved
sample,70,Site 70,Resolved
sample,70,Site 70,Resolved
sample,70,Site 70,Resolved
sample,70,Site 70,Resolved
sample,70,Site 70,Resolved
sample,70,Site 70,Resolved
sample,70,Site 70,Resolved
sample,70,Site 70,Resolved
sample,70,Site 70,Resolved
sample,70,Site 70,Resolved
sample,70,Site 70,Resolved
sample,70,Site 70,Resolved
sample,70,Site 70,Resolved
sample,70,Site 70,Resolved
sample,70,Site 70,Resolved
sample,70,Site 70,Resolved
sample,70,Site 70,Resolved
sample,70,Site 70,Resolved
sample,70,Site 70,Resolved
sample,70,Site 70,Resolved
sample,70,Site 70,Resolved
sample,70,Site 70,Resolved
sample,70,Site 70,Resolved
sample,70,Site 70,Resolved
sample,70,Site 70,Resolved
sample,70,Site 70,Resolved
sample,70,Site 70,Resolved
sample,70,Site 70,Resolved
sample,70,Site 70,Resolved
sample,70,Site 70,Resolved
sample,70,Site 70,Resolved
sample,70,Site 70,Resolved
sample,70,Site 70,Resolved
sample,70,Site 70,Resolved
sample,70,Site 70,Resolved
sample,70,Site 70,Resolved
sample,70,Site 70,Resolved
sample,70,Site 70,Resolved
sample,70,Site 70,Resolved
sample,70,Site 70,Resolved
sample,70,Site 70,Resolved
sample,70,Site 70,Resolved
sample,70,Site 70,Resolved
sample,70,Site 70,Resolved
sample,70,Site 70,Resolved
sample,70,Site 70,Resolved
sample,70,Site 70,Resolved
sample,70,Site 70,Resolved
sample,70,Site 70,Resolved
sample,70,Site 70,Resolved
sample,70,Site 70,Resolved
sample,70,Site 70,Resolved
sample,70,Site 70,Resolved
sample,70,Site 70,Resolved
sample,70,Site 70,Resolved
sample,70,Site 70,Resolved
sample,70,Site 70,Resolved
sample,70,Site 70,Resolved
sample,70,Site 70,Resolved
sample,70,Site 70,Resolved
sample,70,Site 70,Resolved
sample,70,Site 70,Resolved
sample,70,Site 70,Resolved
sample,70,Site 70,Resolved
sample,70,Site 70,Resolved
sample,70,Site 70,Resolved
sample,70,Site 70,Resolved
sample,70,Site 70,Resolved
sample,70,Site 70,Resolved
sample,70,Site 70,Resolved
sample,70,Site 70,Resolved
sample,70,Site 70,Resolved
sample,70,Site 70,Resolved
sample,70,Site 70,Resolved
sample,70,Site 70,Resolved
sample,70,Site 70,Resolved
sample,70,Site 70,Resolved
sample,70,Site 70,Resolved
sample,70,Site 70,Resolved
sample,70,Site 70,Resolved
sample,70,Site 70,Resolved
sample,70,Site 70,Resolved
sample,70,Site 70,Resolved
sample,70,Site 70,Resolved
sample,70,Site 70,Resolved
sample,70,Site 70,Resolved
sample,70,Site 70,Resolved
sample,70,Site 70,Resolved
sample,70,Site 70,Resolved
sample,70,Site 70,Resolved
sample,70,Site 70,Resolved
sample,70,Site 70,Resolved
sample,70,Site 70,Resolved
sample,70,Site 70,Resolved
sample,70,Site 70,Resolved
sample,70,Site 70,Resolved
sample,70,Site 70,Resolved
sample,70,Site 70,Resolved
sample,70,Site 70,Resolved
sample,70,Site 70,Resolved
sample,70,Site 70,Resolved
sample,70,Site 70,Resolved
sample,70,Site 70,Resolved
sample,70,Site 70,Resolved
sample,70,Site 70,Resolved
sample,70,Site 70,Resolved
sample,70,Site 70,Resolved
sample,70,Site 70,Resolved
sample,70,Site 70,Resolved
sample,70,Site 70,Resolved
sample,70,Site 70,Resolved
sample,70,Site 70,Resolved
sample,70,Site 70,Resolved
sample,70,Site 70,Resolved
sample,70,Site 70,Resolved
sample,70,Site 70,Resolved
sample,70,Site 70,Resolved
sample,70,Site 70,Resolved
sample,70,Site 70,Resolved
sample,70,Site 70,Resolved
sample,70,Site 70,Resolved
sample,70,Site 70,Resolved
sample,70,Site 70,Resolved
sample,70,Site 70,Resolved
sample,70,Site 70,Resolved
sample,70,Site 70,Resolved
sample,70,Site 70,Resolved
sample,70,Site 70,Resolved
sample,70,Site 70,Resolved
sample,70,Site 70,Resolved
sample,80,Site 80,Resolved
sample,80,Site 80,Resolved
sample,80,Site 80,Resolved
sample,80,Site 80,Resolved
sample,80,Site 80,Resolved
sample,80,Site 80,Resolved
sample,80,Site 80,Resolved
sample,80,Site 80,Resolved
sample,80,Site 80,Resolved
sample,80,Site 80,Resolved
sample,80,Site 80,Resolved
sample,80,Site 80,Resolved
sample,80,Site 80,Resolved
sample,80,Site 80,Resolved
sample,80,Site 80,Resolved
sample,80,Site 80,Resolved
sample,80,Site 80,Resolved
sample,80,Site 80,Resolved
sample,80,Site 80,Resolved
sample,80,Site 80,Resolved
sample,80,Site 80,Resolved
sample,80,Site 80,Resolved
sample,80,Site 80,Resolved
sample,80,Site 80,Resolved
sample,80,Site 80,Resolved
sample,80,Site 80,Resolved
sample,80,Site 80,Resolved
sample,80,Site 80,Resolved
sample,80,Site 80,Resolved
sample,80,Site 80,Resolved
sample,80,Site 80,Resolved
sample,80,Site 80,Resolved
sample,80,Site 80,Resolved
sample,80,Site 80,Resolved
sample,80,Site 80,Resolved
sample,80,Site 80,Resolved
sample,80,Site 80,Resolved
sample,80,Site 80,Resolved
sample,80,Site 80,Resolved
sample,80,Site 80,Resolved
sample,80,Site 80,Resolved
sample,80,Site 80,Resolved
sample,80,Site 80,Resolved
sample,80,Site 80,Resolved
sample,80,Site 80,Resolved
sample,80,Site 80,Resolved
sample,80,Site 80,Resolved
sample,80,Site 80,Resolved
sample,80,Site 80,Resolved
sample,80,Site 80,Resolved
sample,80,Site 80,Resolved
sample,80,Site 80,Resolved
sample,80,Site 80,Resolved
sample,80,Site 80,Outstanding > 90 days
sample,80,Site 80,Resolved
sample,80,Site 80,Resolved
sample,80,Site 80,Resolved
sample,80,Site 80,Resolved
sample,80,Site 80,Resolved
sample,80,Site 80,Resolved
sample,80,Site 80,Resolved
sample,80,Site 80,Resolved
sample,80,Site 80,Resolved
sample,80,Site 80,Resolved
sample,80,Site 80,Resolved
sample,80,Site 80,Resolved
sample,80,Site 80,Resolved
sample,80,Site 80,Resolved
sample,80,Site 80,Resolved
sample,80,Site 80,Resolved
sample,80,Site 80,Resolved
sample,80,Site 80,Resolved
sample,80,Site 80,Resolved
sample,80,Site 80,Resolved
sample,80,Site 80,Resolved
sample,80,Site 80,Resolved
sample,80,Site 80,Resolved
sample,80,Site 80,Resolved
sample,80,Site 80,Resolved
sample,80,Site 80,Resolved
sample,80,Site 80,Resolved
sample,80,Site 80,Resolved
sample,80,Site 80,Resolved
sample,80,Site 80,Resolved
sample,80,Site 80,Resolved
sample,80,Site 80,Resolved
sample,80,Site 80,Resolved
sample,80,Site 80,Resolved
sample,80,Site 80,Resolved
sample,80,Site 80,Resolved
sample,80,Site 80,Resolved
sample,80,Site 80,Resolved
sample,80,Site 80,Resolved
sample,80,Site 80,Resolved
sample,80,Site 80,Outstanding > 90 days
sample,80,Site 80,Resolved
sample,80,Site 80,Resolved
sample,80,Site 80,Resolved
sample,80,Site 80,Outstanding > 90 days
sample,80,Site 80,Resolved
sample,80,Site 80,Resolved
sample,80,Site 80,Resolved
sample,80,Site 80,Resolved
sample,80,Site 80,Resolved
sample,80,Site 80,Resolved
sample,80,Site 80,Resolved
sample,80,Site 80,Resolved
sample,80,Site 80,Resolved
sample,80,Site 80,Resolved
sample,80,Site 80,Outstanding > 90 days
sample,80,Site 80,Outstanding > 90 days
sample,80,Site 80,Outstanding > 90 days
sample,80,Site 80,Outstanding > 90 days
sample,80,Site 80,Outstanding > 90 days
sample,80,Site 80,Outstanding > 90 days
sample,80,Site 80,Outstanding > 90 days
sample,80,Site 80,Outstanding > 90 days
sample,80,Site 80,Outstanding > 90 days
sample,80,Site 80,Outstanding > 90 days
sample,80,Site 80,Outstanding > 90 days
sample,80,Site 80,Outstanding > 90 days
sample,80,Site 80,Outstanding > 90 days
sample,80,Site 80,Outstanding > 90 days
sample,80,Site 80,Outstanding > 90 days
sample,80,Site 80,Outstanding > 90 days
sample,80,Site 80,Outstanding > 90 days
sample,80,Site 80,Outstanding > 90 days
sample,80,Site 80,Outstanding > 90 days
sample,80,Site 80,Resolved
sample,80,Site 80,Resolved
sample,80,Site 80,Resolved
sample,80,Site 80,Resolved
sample,80,Site 80,Resolved
sample,80,Site 80,Resolved
sample,80,Site 80,Resolved
sample,80,Site 80,Resolved
sample,80,Site 80,Resolved
sample,80,Site 80,Resolved
sample,80,Site 80,Resolved
sample,80,Site 80,Resolved
sample,80,Site 80,Resolved
sample,80,Site 80,Resolved
sample,80,Site 80,Resolved
sample,80,Site 80,Resolved
sample,80,Site 80,Resolved
sample,80,Site 80,Resolved
sample,80,Site 80,Resolved
sample,80,Site 80,Resolved
sample,80,Site 80,Resolved
sample,80,Site 80,Resolved
sample,80,Site 80,Resolved
sample,80,Site 80,Resolved
sample,80,Site 80,Resolved
sample,80,Site 80,Resolved
sample,80,Site 80,Resolved
sample,80,Site 80,Resolved
sample,80,Site 80,Resolved
sample,80,Site 80,Resolved
sample,80,Site 80,Resolved
sample,80,Site 80,Resolved
sample,80,Site 80,Resolved
sample,80,Site 80,Resolved
sample,80,Site 80,Resolved
sample,80,Site 80,Resolved
sample,80,Site 80,Resolved
sample,80,Site 80,Resolved
sample,80,Site 80,Outstanding > 90 days
sample,80,Site 80,Outstanding > 90 days
sample,80,Site 80,Outstanding > 90 days
sample,80,Site 80,Outstanding > 90 days
sample,80,Site 80,Outstanding > 90 days
sample,80,Site 80,Outstanding > 90 days
sample,80,Site 80,Resolved
sample,80,Site 80,Resolved
sample,80,Site 80,Resolved
sample,80,Site 80,Resolved
sample,80,Site 80,Resolved
sample,80,Site 80,Resolved
sample,80,Site 80,Resolved
sample,80,Site 80,Resolved
sample,80,Site 80,Resolved
sample,80,Site 80,Resolved
sample,80,Site 80,Outstanding > 90 days
sample,80,Site 80,Resolved
sample,80,Site 80,Resolved
sample,80,Site 80,Resolved
sample,80,Site 80,Outstanding > 90 days
sample,80,Site 80,Outstanding > 90 days
sample,80,Site 80,Resolved
sample,80,Site 80,Resolved
sample,80,Site 80,Resolved
sample,80,Site 80,Resolved
sample,80,Site 80,Resolved
sample,80,Site 80,Resolved
sample,80,Site 80,Resolved
sample,80,Site 80,Resolved
sample,80,Site 80,Outstanding > 90 days
sample,80,Site 80,Outstanding > 90 days
sample,80,Site 80,Outstanding > 90 days
sample,80,Site 80,Outstanding > 90 days
sample,80,Site 80,Outstanding > 90 days
sample,80,Site 80,Outstanding > 90 days
sample,80,Site 80,Outstanding <= 90 days
sample,80,Site 80,Outstanding <= 90 days
sample,80,Site 80,Outstanding <= 90 days
sample,81,Site 81,Resolved
sample,81,Site 81,Resolved
sample,81,Site 81,Resolved
sample,81,Site 81,Resolved
sample,81,Site 81,Resolved
sample,81,Site 81,Resolved
sample,81,Site 81,Resolved
sample,81,Site 81,Resolved
sample,81,Site 81,Resolved
sample,81,Site 81,Resolved
sample,81,Site 81,Resolved
sample,81,Site 81,Resolved
sample,81,Site 81,Resolved
sample,81,Site 81,Resolved
sample,81,Site 81,Resolved
sample,81,Site 81,Resolved
sample,81,Site 81,Resolved
sample,81,Site 81,Resolved
sample,81,Site 81,Resolved
sample,81,Site 81,Resolved
sample,81,Site 81,Resolved
sample,81,Site 81,Resolved
sample,81,Site 81,Resolved
sample,81,Site 81,Resolved
sample,81,Site 81,Resolved
sample,81,Site 81,Resolved
sample,81,Site 81,Resolved
sample,81,Site 81,Resolved
sample,81,Site 81,Resolved
sample,81,Site 81,Resolved
sample,81,Site 81,Resolved
sample,81,Site 81,Resolved
sample,81,Site 81,Resolved
sample,81,Site 81,Resolved
sample,81,Site 81,Resolved
sample,81,Site 81,Resolved
sample,81,Site 81,Resolved
sample,81,Site 81,Resolved
sample,81,Site 81,Resolved
sample,81,Site 81,Resolved
sample,81,Site 81,Resolved
sample,81,Site 81,Resolved
sample,81,Site 81,Resolved
sample,81,Site 81,Resolved
sample,81,Site 81,Resolved
sample,81,Site 81,Resolved
sample,81,Site 81,Resolved
sample,81,Site 81,Resolved
sample,81,Site 81,Resolved
sample,81,Site 81,Resolved
sample,81,Site 81,Resolved
sample,81,Site 81,Resolved
sample,81,Site 81,Resolved
sample,81,Site 81,Resolved
sample,81,Site 81,Resolved
sample,81,Site 81,Resolved
sample,81,Site 81,Resolved
sample,81,Site 81,Resolved
sample,81,Site 81,Resolved
sample,81,Site 81,Resolved
sample,81,Site 81,Resolved
sample,81,Site 81,Resolved
sample,81,Site 81,Resolved
sample,81,Site 81,Resolved
sample,81,Site 81,Resolved
sample,81,Site 81,Resolved
sample,81,Site 81,Resolved
sample,81,Site 81,Resolved
sample,81,Site 81,Resolved
sample,81,Site 81,Resolved
sample,81,Site 81,Resolved
sample,81,Site 81,Resolved
sample,81,Site 81,Resolved
sample,81,Site 81,Resolved
sample,81,Site 81,Resolved
sample,81,Site 81,Resolved
sample,81,Site 81,Resolved
sample,81,Site 81,Resolved
sample,81,Site 81,Resolved
sample,81,Site 81,Resolved
sample,81,Site 81,Resolved
sample,81,Site 81,Resolved
sample,81,Site 81,Resolved
sample,81,Site 81,Resolved
sample,81,Site 81,Resolved
sample,81,Site 81,Resolved
sample,81,Site 81,Resolved
sample,81,Site 81,Resolved
sample,81,Site 81,Resolved
sample,81,Site 81,Resolved
sample,81,Site 81,Resolved
sample,81,Site 81,Resolved
sample,81,Site 81,Resolved
sample,81,Site 81,Resolved
sample,81,Site 81,Resolved
sample,81,Site 81,Resolved
sample,81,Site 81,Resolved
sample,81,Site 81,Resolved
sample,81,Site 81,Resolved
sample,81,Site 81,Resolved
sample,81,Site 81,Resolved
sample,81,Site 81,Resolved
sample,81,Site 81,Resolved
sample,81,Site 81,Resolved
sample,81,Site 81,Resolved
sample,81,Site 81,Resolved
sample,81,Site 81,Resolved
sample,81,Site 81,Resolved
sample,81,Site 81,Resolved
sample,81,Site 81,Resolved
sample,81,Site 81,Resolved
sample,81,Site 81,Resolved
sample,81,Site 81,Resolved
sample,81,Site 81,Resolved
sample,81,Site 81,Resolved
sample,81,Site 81,Resolved
sample,81,Site 81,Resolved
sample,81,Site 81,Resolved
sample,81,Site 81,Resolved
sample,81,Site 81,Resolved
sample,81,Site 81,Resolved
sample,81,Site 81,Resolved
sample,81,Site 81,Resolved
sample,81,Site 81,Resolved
sample,81,Site 81,Resolved
sample,81,Site 81,Resolved
sample,81,Site 81,Resolved
sample,81,Site 81,Resolved
sample,81,Site 81,Resolved
sample,81,Site 81,Resolved
sample,81,Site 81,Resolved
sample,81,Site 81,Resolved
sample,81,Site 81,Resolved
sample,81,Site 81,Resolved
sample,81,Site 81,Resolved
sample,81,Site 81,Resolved
sample,81,Site 81,Resolved
sample,81,Site 81,Resolved
sample,81,Site 81,Resolved
sample,81,Site 81,Resolved
sample,81,Site 81,Resolved
sample,81,Site 81,Resolved
sample,81,Site 81,Resolved
sample,81,Site 81,Resolved
sample,81,Site 81,Resolved
sample,81,Site 81,Resolved
sample,81,Site 81,Resolved
sample,81,Site 81,Resolved
sample,81,Site 81,Resolved
sample,81,Site 81,Resolved
sample,81,Site 81,Resolved
sample,81,Site 81,Resolved
sample,81,Site 81,Resolved
sample,81,Site 81,Resolved
sample,81,Site 81,Resolved
sample,81,Site 81,Resolved
sample,81,Site 81,Resolved
sample,81,Site 81,Resolved
sample,81,Site 81,Resolved
sample,81,Site 81,Resolved
sample,81,Site 81,Resolved
sample,82,Site 82,Resolved
sample,82,Site 82,Resolved
sample,82,Site 82,Resolved
sample,82,Site 82,Resolved
sample,82,Site 82,Resolved
sample,82,Site 82,Resolved
sample,82,Site 82,Resolved
sample,82,Site 82,Resolved
sample,82,Site 82,Resolved
sample,82,Site 82,Resolved
sample,82,Site 82,Resolved
sample,82,Site 82,Resolved
sample,82,Site 82,Resolved
sample,82,Site 82,Resolved
sample,82,Site 82,Resolved
sample,82,Site 82,Resolved
sample,82,Site 82,Resolved
sample,82,Site 82,Resolved
sample,82,Site 82,Resolved
sample,82,Site 82,Resolved
sample,82,Site 82,Resolved
sample,82,Site 82,Resolved
sample,82,Site 82,Resolved
sample,82,Site 82,Resolved
sample,82,Site 82,Resolved
sample,82,Site 82,Resolved
sample,82,Site 82,Resolved
sample,82,Site 82,Resolved
sample,82,Site 82,Resolved
sample,82,Site 82,Resolved
sample,82,Site 82,Resolved
sample,82,Site 82,Resolved
sample,82,Site 82,Resolved
sample,82,Site 82,Resolved
sample,82,Site 82,Resolved
sample,82,Site 82,Resolved
sample,82,Site 82,Resolved
sample,82,Site 82,Resolved
sample,82,Site 82,Resolved
sample,82,Site 82,Resolved
sample,82,Site 82,Resolved
sample,82,Site 82,Resolved
sample,82,Site 82,Resolved
sample,82,Site 82,Resolved
sample,82,Site 82,Resolved
sample,82,Site 82,Resolved
sample,82,Site 82,Resolved
sample,82,Site 82,Resolved
sample,82,Site 82,Resolved
sample,82,Site 82,Resolved
sample,82,Site 82,Resolved
sample,82,Site 82,Resolved
sample,82,Site 82,Resolved
sample,82,Site 82,Resolved
sample,82,Site 82,Resolved
sample,82,Site 82,Resolved
sample,82,Site 82,Resolved
sample,82,Site 82,Resolved
sample,82,Site 82,Resolved
sample,82,Site 82,Resolved
sample,82,Site 82,Resolved
sample,82,Site 82,Resolved
sample,82,Site 82,Resolved
sample,82,Site 82,Resolved
sample,82,Site 82,Resolved
sample,82,Site 82,Resolved
sample,82,Site 82,Resolved
sample,82,Site 82,Resolved
sample,82,Site 82,Resolved
sample,82,Site 82,Resolved
sample,82,Site 82,Resolved
sample,82,Site 82,Resolved
sample,82,Site 82,Resolved
sample,82,Site 82,Resolved
sample,82,Site 82,Resolved
sample,82,Site 82,Resolved
sample,82,Site 82,Resolved
sample,82,Site 82,Resolved
sample,82,Site 82,Resolved
sample,82,Site 82,Resolved
sample,82,Site 82,Resolved
sample,82,Site 82,Resolved
sample,82,Site 82,Resolved
sample,82,Site 82,Resolved
sample,82,Site 82,Resolved
sample,82,Site 82,Resolved
sample,82,Site 82,Resolved
sample,82,Site 82,Resolved
sample,82,Site 82,Resolved
sample,82,Site 82,Resolved
sample,82,Site 82,Resolved
sample,82,Site 82,Resolved
sample,82,Site 82,Resolved
sample,82,Site 82,Resolved
sample,82,Site 82,Resolved
sample,82,Site 82,Resolved
sample,82,Site 82,Resolved
sample,82,Site 82,Resolved
sample,82,Site 82,Resolved
sample,82,Site 82,Resolved
sample,82,Site 82,Resolved
sample,82,Site 82,Resolved
sample,82,Site 82,Resolved
sample,82,Site 82,Resolved
sample,82,Site 82,Resolved
sample,82,Site 82,Outstanding > 90 days
sample,82,Site 82,Resolved
sample,82,Site 82,Resolved
sample,82,Site 82,Resolved
sample,82,Site 82,Resolved
sample,82,Site 82,Resolved
sample,82,Site 82,Resolved
sample,82,Site 82,Resolved
sample,82,Site 82,Resolved
sample,82,Site 82,Resolved
sample,82,Site 82,Resolved
sample,82,Site 82,Resolved
sample,82,Site 82,Resolved
sample,82,Site 82,Resolved
sample,82,Site 82,Resolved
sample,82,Site 82,Resolved
sample,82,Site 82,Resolved
sample,82,Site 82,Resolved
sample,82,Site 82,Resolved
sample,82,Site 82,Resolved
sample,82,Site 82,Resolved
sample,82,Site 82,Resolved
sample,82,Site 82,Resolved
sample,82,Site 82,Resolved
sample,82,Site 82,Resolved
sample,82,Site 82,Resolved
sample,82,Site 82,Resolved
sample,82,Site 82,Resolved
sample,82,Site 82,Resolved
sample,82,Site 82,Resolved
sample,82,Site 82,Resolved
sample,82,Site 82,Resolved
sample,82,Site 82,Resolved
sample,82,Site 82,Resolved
sample,82,Site 82,Resolved
sample,82,Site 82,Resolved
sample,82,Site 82,Resolved
sample,82,Site 82,Resolved
sample,82,Site 82,Resolved
sample,82,Site 82,Resolved
sample,82,Site 82,Resolved
sample,82,Site 82,Resolved
sample,82,Site 82,Resolved
sample,82,Site 82,Resolved
sample,82,Site 82,Resolved
sample,82,Site 82,Resolved
sample,82,Site 82,Resolved
sample,82,Site 82,Resolved
sample,82,Site 82,Resolved
sample,82,Site 82,Resolved
sample,82,Site 82,Resolved
sample,82,Site 82,Resolved
sample,82,Site 82,Resolved
sample,82,Site 82,Resolved
sample,82,Site 82,Resolved
sample,82,Site 82,Resolved
sample,82,Site 82,Resolved
sample,82,Site 82,Resolved
sample,82,Site 82,Resolved
sample,82,Site 82,Resolved
sample,82,Site 82,Resolved
sample,82,Site 82,Resolved
sample,82,Site 82,Resolved
sample,82,Site 82,Resolved
sample,82,Site 82,Resolved
sample,82,Site 82,Resolved
sample,82,Site 82,Resolved
sample,82,Site 82,Resolved
sample,82,Site 82,Resolved
sample,82,Site 82,Resolved
sample,82,Site 82,Resolved
sample,82,Site 82,Resolved
sample,82,Site 82,Resolved
sample,82,Site 82,Resolved
sample,82,Site 82,Resolved
sample,82,Site 82,Resolved
sample,82,Site 82,Resolved
sample,82,Site 82,Resolved
sample,82,Site 82,Resolved
sample,82,Site 82,Resolved
sample,82,Site 82,Resolved
sample,82,Site 82,Resolved
sample,82,Site 82,Resolved
sample,82,Site 82,Resolved
sample,82,Site 82,Resolved
sample,82,Site 82,Resolved
sample,82,Site 82,Resolved
sample,82,Site 82,Resolved
sample,82,Site 82,Resolved
sample,82,Site 82,Resolved
sample,82,Site 82,Resolved
sample,82,Site 82,Resolved
sample,82,Site 82,Resolved
sample,82,Site 82,Resolved
sample,82,Site 82,Resolved
sample,82,Site 82,Resolved
sample,82,Site 82,Resolved
sample,82,Site 82,Resolved
sample,82,Site 82,Resolved
sample,82,Site 82,Resolved
sample,82,Site 82,Resolved
sample,82,Site 82,Resolved
sample,82,Site 82,Resolved
sample,82,Site 82,Resolved
sample,82,Site 82,Resolved
sample,82,Site 82,Resolved
sample,82,Site 82,Resolved
sample,82,Site 82,Resolved
sample,82,Site 82,Resolved
sample,82,Site 82,Resolved
sample,82,Site 82,Outstanding <= 90 days
sample,82,Site 82,Outstanding <= 90 days
sample,82,Site 82,Outstanding <= 90 days
sample,82,Site 82,Outstanding <= 90 days
sample,82,Site 82,Resolved
sample,82,Site 82,Resolved
sample,82,Site 82,Resolved
sample,82,Site 82,Resolved
sample,82,Site 82,Resolved
sample,82,Site 82,Resolved
sample,82,Site 82,Resolved
sample,82,Site 82,Resolved
sample,82,Site 82,Resolved
sample,82,Site 82,Resolved
sample,82,Site 82,Resolved
sample,82,Site 82,Resolved
sample,82,Site 82,Resolved
sample,82,Site 82,Resolved
sample,82,Site 82,Resolved
sample,82,Site 82,Resolved
sample,82,Site 82,Resolved
sample,82,Site 82,Resolved
sample,82,Site 82,Resolved
sample,83,Site 83,Resolved
sample,83,Site 83,Resolved
sample,83,Site 83,Resolved
sample,83,Site 83,Resolved
sample,83,Site 83,Resolved
sample,83,Site 83,Resolved
sample,83,Site 83,Resolved
sample,83,Site 83,Resolved
sample,83,Site 83,Resolved
sample,83,Site 83,Resolved
sample,83,Site 83,Resolved
sample,83,Site 83,Resolved
sample,83,Site 83,Resolved
sample,83,Site 83,Resolved
sample,83,Site 83,Resolved
sample,83,Site 83,Resolved
sample,83,Site 83,Resolved
sample,83,Site 83,Resolved
sample,83,Site 83,Resolved
sample,83,Site 83,Resolved
sample,83,Site 83,Resolved
sample,83,Site 83,Resolved
sample,83,Site 83,Resolved
sample,83,Site 83,Resolved
sample,83,Site 83,Resolved
sample,83,Site 83,Resolved
sample,83,Site 83,Resolved
sample,83,Site 83,Resolved
sample,83,Site 83,Resolved
sample,83,Site 83,Resolved
sample,83,Site 83,Resolved
sample,83,Site 83,Resolved
sample,83,Site 83,Resolved
sample,83,Site 83,Resolved
sample,83,Site 83,Resolved
sample,83,Site 83,Resolved
sample,83,Site 83,Resolved
sample,83,Site 83,Resolved
sample,83,Site 83,Resolved
sample,83,Site 83,Resolved
sample,83,Site 83,Resolved
sample,83,Site 83,Resolved
sample,83,Site 83,Resolved
sample,83,Site 83,Resolved
sample,83,Site 83,Resolved
sample,90,Site 90,Resolved
sample,90,Site 90,Resolved
sample,90,Site 90,Resolved
sample,90,Site 90,Resolved
sample,90,Site 90,Resolved
sample,90,Site 90,Resolved
sample,90,Site 90,Resolved
sample,90,Site 90,Resolved
sample,90,Site 90,Resolved
sample,90,Site 90,Resolved
sample,90,Site 90,Resolved
sample,90,Site 90,Resolved
sample,90,Site 90,Resolved
sample,90,Site 90,Resolved
sample,90,Site 90,Resolved
sample,90,Site 90,Resolved
sample,90,Site 90,Resolved
sample,90,Site 90,Resolved
sample,90,Site 90,Resolved
sample,90,Site 90,Resolved
sample,90,Site 90,Resolved
sample,90,Site 90,Resolved
sample,90,Site 90,Resolved
sample,90,Site 90,Resolved
sample,90,Site 90,Resolved
sample,90,Site 90,Resolved
sample,90,Site 90,Resolved
sample,90,Site 90,Resolved
sample,90,Site 90,Resolved
sample,90,Site 90,Resolved
sample,90,Site 90,Resolved
sample,90,Site 90,Resolved
sample,90,Site 90,Resolved
sample,90,Site 90,Resolved
sample,90,Site 90,Resolved
sample,90,Site 90,Resolved
sample,90,Site 90,Resolved
sample,90,Site 90,Resolved
sample,90,Site 90,Resolved
sample,90,Site 90,Resolved
sample,90,Site 90,Resolved
sample,90,Site 90,Resolved
sample,90,Site 90,Resolved
sample,90,Site 90,Resolved
sample,90,Site 90,Resolved
sample,90,Site 90,Resolved
sample,90,Site 90,Resolved
sample,90,Site 90,Resolved
sample,90,Site 90,Resolved
sample,90,Site 90,Resolved
sample,90,Site 90,Resolved
sample,90,Site 90,Resolved
sample,90,Site 90,Resolved
sample,90,Site 90,Resolved
sample,90,Site 90,Resolved
sample,90,Site 90,Resolved
sample,90,Site 90,Resolved
sample,90,Site 90,Resolved
sample,90,Site 90,Resolved
sample,90,Site 90,Resolved
sample,90,Site 90,Resolved
sample,90,Site 90,Resolved
sample,90,Site 90,Resolved
sample,90,Site 90,Outstanding > 90 days
sample,90,Site 90,Resolved
sample,90,Site 90,Outstanding > 90 days
sample,90,Site 90,Resolved
sample,90,Site 90,Resolved
sample,90,Site 90,Resolved
sample,90,Site 90,Resolved
sample,90,Site 90,Resolved
sample,90,Site 90,Resolved
sample,90,Site 90,Outstanding > 90 days
sample,90,Site 90,Resolved
sample,90,Site 90,Resolved
sample,90,Site 90,Resolved
sample,90,Site 90,Resolved
sample,90,Site 90,Resolved
sample,90,Site 90,Resolved
sample,90,Site 90,Resolved
sample,90,Site 90,Resolved
sample,90,Site 90,Resolved
sample,90,Site 90,Resolved
sample,90,Site 90,Resolved
sample,90,Site 90,Resolved
sample,90,Site 90,Resolved
sample,90,Site 90,Outstanding > 90 days
sample,90,Site 90,Resolved
sample,90,Site 90,Outstanding > 90 days
sample,90,Site 90,Resolved
sample,90,Site 90,Resolved
sample,90,Site 90,Outstanding > 90 days
sample,90,Site 90,Resolved
sample,90,Site 90,Resolved
sample,90,Site 90,Resolved
sample,90,Site 90,Outstanding > 90 days
sample,90,Site 90,Outstanding > 90 days
sample,90,Site 90,Outstanding > 90 days
sample,90,Site 90,Resolved
sample,90,Site 90,Resolved
sample,90,Site 90,Resolved
sample,90,Site 90,Resolved
sample,90,Site 90,Resolved
sample,90,Site 90,Resolved
sample,95,Site 95,Resolved
sample,95,Site 95,Resolved
sample,95,Site 95,Resolved
sample,95,Site 95,Resolved
sample,95,Site 95,Resolved
sample,95,Site 95,Resolved
sample,95,Site 95,Resolved
sample,95,Site 95,Resolved
sample,95,Site 95,Resolved
sample,95,Site 95,Resolved
sample,95,Site 95,Resolved
sample,95,Site 95,Resolved
sample,95,Site 95,Resolved
sample,95,Site 95,Resolved
